timestamp,position,gain,movement_description
1,-0.09,0,No Movement
11,-0.09,0,No Movement
22,0.0,0,No Movement
32,0.0,0,No Movement
43,-0.09,0,No Movement
53,0.0,0,No Movement
64,-0.09,0,No Movement
74,0.0,0,No Movement
84,0.0,0,No Movement
94,-0.09,0,No Movement
104,0.0,0,No Movement
114,0.0,0,No Movement
125,-0.09,0,No Movement
135,0.0,0,No Movement
145,0.0,0,No Movement
156,-0.09,0,No Movement
166,0.0,0,No Movement
176,0.0,0,No Movement
186,0.0,0,No Movement
196,-0.09,0,No Movement
207,0.0,0,No Movement
217,0.0,0,No Movement
228,0.0,0,No Movement
238,-0.09,0,No Movement
249,0.0,0,No Movement
259,0.0,0,No Movement
269,-0.09,0,No Movement
280,0.0,0,No Movement
290,-0.09,0,No Movement
301,0.0,0,No Movement
311,0.0,0,No Movement
321,0.0,0,No Movement
331,-0.09,0,No Movement
341,-0.09,0,No Movement
352,0.0,0,No Movement
362,-0.09,0,No Movement
372,0.0,0,No Movement
382,-0.09,0,No Movement
393,0.0,0,No Movement
403,-0.09,0,No Movement
413,-0.09,0,No Movement
423,0.0,0,No Movement
434,0.0,0,No Movement
444,0.0,0,No Movement
454,0.0,0,No Movement
464,0.0,0,No Movement
475,0.0,0,No Movement
486,-0.09,0,No Movement
496,0.0,0,No Movement
507,0.0,0,No Movement
517,0.0,0,No Movement
528,0.0,0,No Movement
538,0.0,0,No Movement
548,0.0,0,No Movement
558,0.0,0,No Movement
569,0.0,0,No Movement
579,0.0,0,No Movement
589,0.0,0,No Movement
599,-0.09,0,No Movement
609,0.0,0,No Movement
619,0.0,0,No Movement
630,0.0,0,No Movement
641,0.0,0,No Movement
651,0.0,0,No Movement
662,0.0,0,No Movement
672,0.0,0,No Movement
683,0.0,0,No Movement
693,-0.09,0,No Movement
704,-0.09,0,No Movement
714,0.0,0,No Movement
725,0.0,0,No Movement
735,0.0,0,No Movement
746,0.0,0,No Movement
756,0.0,0,No Movement
767,-0.09,0,No Movement
777,0.0,0,No Movement
788,0.0,0,No Movement
798,-0.09,0,No Movement
809,-0.09,0,No Movement
819,-0.09,0,No Movement
829,0.0,0,No Movement
839,0.0,0,No Movement
850,-0.09,0,No Movement
860,0.0,0,No Movement
871,0.0,0,No Movement
881,-0.09,0,No Movement
891,0.0,0,No Movement
901,0.0,0,No Movement
911,-0.09,0,No Movement
922,0.0,0,No Movement
932,0.0,0,No Movement
943,-0.09,0,No Movement
953,0.0,0,No Movement
963,-0.09,0,No Movement
973,0.0,0,No Movement
984,-0.09,0,No Movement
994,0.0,0,No Movement
1004,-0.09,-255,Shoulder 0 to 90 degrees PID
1015,0.0,-255,Shoulder 0 to 90 degrees PID
1025,-0.09,-255,Shoulder 0 to 90 degrees PID
1035,0.0,-255,Shoulder 0 to 90 degrees PID
1046,0.0,-255,Shoulder 0 to 90 degrees PID
1056,0.0,-255,Shoulder 0 to 90 degrees PID
1067,0.0,-255,Shoulder 0 to 90 degrees PID
1077,0.18,-255,Shoulder 0 to 90 degrees PID
1087,0.44,-255,Shoulder 0 to 90 degrees PID
1097,0.7,-255,Shoulder 0 to 90 degrees PID
1108,1.23,-255,Shoulder 0 to 90 degrees PID
1118,1.58,-255,Shoulder 0 to 90 degrees PID
1129,2.29,-255,Shoulder 0 to 90 degrees PID
1139,2.64,-255,Shoulder 0 to 90 degrees PID
1150,3.08,-255,Shoulder 0 to 90 degrees PID
1160,3.43,-255,Shoulder 0 to 90 degrees PID
1171,3.87,-255,Shoulder 0 to 90 degrees PID
1181,4.22,-255,Shoulder 0 to 90 degrees PID
1192,4.57,-255,Shoulder 0 to 90 degrees PID
1202,4.83,-255,Shoulder 0 to 90 degrees PID
1212,5.19,-255,Shoulder 0 to 90 degrees PID
1223,6.15,-255,Shoulder 0 to 90 degrees PID
1234,6.59,-255,Shoulder 0 to 90 degrees PID
1244,6.94,-255,Shoulder 0 to 90 degrees PID
1255,7.38,-255,Shoulder 0 to 90 degrees PID
1265,7.82,-255,Shoulder 0 to 90 degrees PID
1276,8.26,-255,Shoulder 0 to 90 degrees PID
1286,8.7,-255,Shoulder 0 to 90 degrees PID
1297,9.14,-255,Shoulder 0 to 90 degrees PID
1307,9.93,-255,Shoulder 0 to 90 degrees PID
1318,10.28,-255,Shoulder 0 to 90 degrees PID
1328,10.72,-255,Shoulder 0 to 90 degrees PID
1339,11.16,-255,Shoulder 0 to 90 degrees PID
1349,11.6,-255,Shoulder 0 to 90 degrees PID
1360,12.04,-255,Shoulder 0 to 90 degrees PID
1370,12.74,-255,Shoulder 0 to 90 degrees PID
1381,13.18,-255,Shoulder 0 to 90 degrees PID
1391,13.71,-255,Shoulder 0 to 90 degrees PID
1402,14.24,-255,Shoulder 0 to 90 degrees PID
1412,14.59,-255,Shoulder 0 to 90 degrees PID
1423,14.94,-255,Shoulder 0 to 90 degrees PID
1433,15.21,-255,Shoulder 0 to 90 degrees PID
1443,16.17,-255,Shoulder 0 to 90 degrees PID
1454,16.61,-255,Shoulder 0 to 90 degrees PID
1464,16.87,-255,Shoulder 0 to 90 degrees PID
1474,17.31,-255,Shoulder 0 to 90 degrees PID
1484,17.67,-255,Shoulder 0 to 90 degrees PID
1494,18.02,-255,Shoulder 0 to 90 degrees PID
1504,18.9,-255,Shoulder 0 to 90 degrees PID
1515,19.25,-255,Shoulder 0 to 90 degrees PID
1525,19.6,-255,Shoulder 0 to 90 degrees PID
1535,19.95,-255,Shoulder 0 to 90 degrees PID
1545,20.39,-255,Shoulder 0 to 90 degrees PID
1556,20.83,-255,Shoulder 0 to 90 degrees PID
1566,21.8,-255,Shoulder 0 to 90 degrees PID
1576,22.06,-255,Shoulder 0 to 90 degrees PID
1586,22.41,-255,Shoulder 0 to 90 degrees PID
1596,22.85,-255,Shoulder 0 to 90 degrees PID
1607,23.2,-255,Shoulder 0 to 90 degrees PID
1617,23.64,-255,Shoulder 0 to 90 degrees PID
1627,24.08,-255,Shoulder 0 to 90 degrees PID
1637,24.79,-255,Shoulder 0 to 90 degrees PID
1648,25.14,-255,Shoulder 0 to 90 degrees PID
1658,25.58,-255,Shoulder 0 to 90 degrees PID
1669,26.02,-255,Shoulder 0 to 90 degrees PID
1679,26.46,-255,Shoulder 0 to 90 degrees PID
1690,26.89,-255,Shoulder 0 to 90 degrees PID
1700,27.69,-255,Shoulder 0 to 90 degrees PID
1710,28.21,-255,Shoulder 0 to 90 degrees PID
1720,28.56,-255,Shoulder 0 to 90 degrees PID
1731,29.0,-255,Shoulder 0 to 90 degrees PID
1741,29.36,-255,Shoulder 0 to 90 degrees PID
1752,29.62,-255,Shoulder 0 to 90 degrees PID
1762,30.59,-255,Shoulder 0 to 90 degrees PID
1773,31.03,-255,Shoulder 0 to 90 degrees PID
1784,31.38,-255,Shoulder 0 to 90 degrees PID
1794,31.64,-255,Shoulder 0 to 90 degrees PID
1804,31.99,-255,Shoulder 0 to 90 degrees PID
1814,32.43,-255,Shoulder 0 to 90 degrees PID
1825,32.87,-255,Shoulder 0 to 90 degrees PID
1835,33.84,-255,Shoulder 0 to 90 degrees PID
1845,34.19,-255,Shoulder 0 to 90 degrees PID
1856,34.63,-255,Shoulder 0 to 90 degrees PID
1866,35.07,-255,Shoulder 0 to 90 degrees PID
1876,35.51,-255,Shoulder 0 to 90 degrees PID
1886,35.95,-255,Shoulder 0 to 90 degrees PID
1896,36.65,-255,Shoulder 0 to 90 degrees PID
1907,37.0,-255,Shoulder 0 to 90 degrees PID
1917,37.44,-255,Shoulder 0 to 90 degrees PID
1927,37.79,-255,Shoulder 0 to 90 degrees PID
1937,38.23,-255,Shoulder 0 to 90 degrees PID
1947,38.67,-255,Shoulder 0 to 90 degrees PID
1957,39.46,-255,Shoulder 0 to 90 degrees PID
1968,39.81,-255,Shoulder 0 to 90 degrees PID
1978,40.25,-255,Shoulder 0 to 90 degrees PID
1988,40.69,-255,Shoulder 0 to 90 degrees PID
1998,41.04,-255,Shoulder 0 to 90 degrees PID
2009,41.48,-255,Shoulder 0 to 90 degrees PID
2019,41.84,-255,Shoulder 0 to 90 degrees PID
2030,42.8,-255,Shoulder 0 to 90 degrees PID
2040,43.24,-255,Shoulder 0 to 90 degrees PID
2051,43.59,-255,Shoulder 0 to 90 degrees PID
2061,43.86,-255,Shoulder 0 to 90 degrees PID
2071,44.21,-255,Shoulder 0 to 90 degrees PID
2082,44.74,-255,Shoulder 0 to 90 degrees PID
2092,45.53,-255,Shoulder 0 to 90 degrees PID
2103,45.97,-255,Shoulder 0 to 90 degrees PID
2113,46.32,-255,Shoulder 0 to 90 degrees PID
2123,46.58,-255,Shoulder 0 to 90 degrees PID
2134,47.02,-255,Shoulder 0 to 90 degrees PID
2144,47.46,-255,Shoulder 0 to 90 degrees PID
2154,48.34,-255,Shoulder 0 to 90 degrees PID
2165,48.69,-255,Shoulder 0 to 90 degrees PID
2175,49.04,-255,Shoulder 0 to 90 degrees PID
2185,49.39,-255,Shoulder 0 to 90 degrees PID
2195,49.83,-255,Shoulder 0 to 90 degrees PID
2206,50.36,-255,Shoulder 0 to 90 degrees PID
2216,51.15,-255,Shoulder 0 to 90 degrees PID
2226,51.5,-255,Shoulder 0 to 90 degrees PID
2236,51.94,-255,Shoulder 0 to 90 degrees PID
2246,52.38,-255,Shoulder 0 to 90 degrees PID
2256,52.82,-255,Shoulder 0 to 90 degrees PID
2267,53.17,-255,Shoulder 0 to 90 degrees PID
2277,53.53,-255,Shoulder 0 to 90 degrees PID
2288,54.49,-255,Shoulder 0 to 90 degrees PID
2298,54.84,-255,Shoulder 0 to 90 degrees PID
2308,55.28,-255,Shoulder 0 to 90 degrees PID
2319,55.72,-255,Shoulder 0 to 90 degrees PID
2329,56.07,-255,Shoulder 0 to 90 degrees PID
2339,56.43,-255,Shoulder 0 to 90 degrees PID
2349,57.39,-255,Shoulder 0 to 90 degrees PID
2360,57.83,-255,Shoulder 0 to 90 degrees PID
2370,58.27,-255,Shoulder 0 to 90 degrees PID
2381,58.54,-255,Shoulder 0 to 90 degrees PID
2391,58.97,-255,Shoulder 0 to 90 degrees PID
2401,59.33,-255,Shoulder 0 to 90 degrees PID
2412,60.29,-255,Shoulder 0 to 90 degrees PID
2422,60.64,-255,Shoulder 0 to 90 degrees PID
2433,61.17,-255,Shoulder 0 to 90 degrees PID
2443,61.52,-255,Shoulder 0 to 90 degrees PID
2453,61.96,-255,Shoulder 0 to 90 degrees PID
2464,62.4,-255,Shoulder 0 to 90 degrees PID
2474,62.67,-255,Shoulder 0 to 90 degrees PID
2485,63.72,-255,Shoulder 0 to 90 degrees PID
2495,64.07,-255,Shoulder 0 to 90 degrees PID
2506,64.6,-255,Shoulder 0 to 90 degrees PID
2516,64.86,-255,Shoulder 0 to 90 degrees PID
2526,65.39,-255,Shoulder 0 to 90 degrees PID
2537,65.74,-255,Shoulder 0 to 90 degrees PID
2547,66.53,-255,Shoulder 0 to 90 degrees PID
2558,66.88,-255,Shoulder 0 to 90 degrees PID
2568,67.15,-255,Shoulder 0 to 90 degrees PID
2578,67.68,-255,Shoulder 0 to 90 degrees PID
2588,68.03,-255,Shoulder 0 to 90 degrees PID
2599,68.55,-255,Shoulder 0 to 90 degrees PID
2610,69.35,-255,Shoulder 0 to 90 degrees PID
2620,69.79,-255,Shoulder 0 to 90 degrees PID
2631,70.22,-255,Shoulder 0 to 90 degrees PID
2641,70.66,-255,Shoulder 0 to 90 degrees PID
2651,70.93,-255,Shoulder 0 to 90 degrees PID
2661,71.28,-255,Shoulder 0 to 90 degrees PID
2672,72.07,-255,Shoulder 0 to 90 degrees PID
2682,72.69,-255,Shoulder 0 to 90 degrees PID
2693,73.04,-255,Shoulder 0 to 90 degrees PID
2703,73.3,-255,Shoulder 0 to 90 degrees PID
2714,73.74,-255,Shoulder 0 to 90 degrees PID
2724,74.09,-255,Shoulder 0 to 90 degrees PID
2734,74.53,-255,Shoulder 0 to 90 degrees PID
2744,75.5,-255,Shoulder 0 to 90 degrees PID
2754,75.76,-255,Shoulder 0 to 90 degrees PID
2764,76.03,-255,Shoulder 0 to 90 degrees PID
2775,76.55,-255,Shoulder 0 to 90 degrees PID
2785,77.08,-255,Shoulder 0 to 90 degrees PID
2795,77.43,-255,Shoulder 0 to 90 degrees PID
2806,78.13,-255,Shoulder 0 to 90 degrees PID
2816,78.49,-255,Shoulder 0 to 90 degrees PID
2826,79.01,-255,Shoulder 0 to 90 degrees PID
2837,79.54,-255,Shoulder 0 to 90 degrees PID
2848,79.89,-255,Shoulder 0 to 90 degrees PID
2858,80.33,-255,Shoulder 0 to 90 degrees PID
2869,81.12,-255,Shoulder 0 to 90 degrees PID
2879,81.65,-255,Shoulder 0 to 90 degrees PID
2890,81.91,-255,Shoulder 0 to 90 degrees PID
2900,82.35,-255,Shoulder 0 to 90 degrees PID
2910,82.71,-255,Shoulder 0 to 90 degrees PID
2921,83.06,-255,Shoulder 0 to 90 degrees PID
2931,83.41,-255,Shoulder 0 to 90 degrees PID
2942,84.37,-255,Shoulder 0 to 90 degrees PID
2952,84.81,-255,Shoulder 0 to 90 degrees PID
2963,85.25,-255,Shoulder 0 to 90 degrees PID
2973,85.52,-255,Shoulder 0 to 90 degrees PID
2984,85.96,-255,Shoulder 0 to 90 degrees PID
2994,86.22,-255,Shoulder 0 to 90 degrees PID
3004,87.1,-255,Shoulder 0 to 90 degrees PID
3015,87.54,-255,Shoulder 0 to 90 degrees PID
3025,87.98,-255,Shoulder 0 to 90 degrees PID
3036,88.33,-255,Shoulder 0 to 90 degrees PID
3046,88.77,-255,Shoulder 0 to 90 degrees PID
3057,89.21,-255,Shoulder 0 to 90 degrees PID
3067,90.18,-255,Shoulder 0 to 90 degrees PID
3078,90.44,-255,Shoulder 0 to 90 degrees PID
3088,90.79,-255,Shoulder 0 to 90 degrees PID
3099,91.23,-255,Shoulder 0 to 90 degrees PID
3110,91.76,-255,Shoulder 0 to 90 degrees PID
3120,92.2,-255,Shoulder 0 to 90 degrees PID
3131,92.9,-255,Shoulder 0 to 90 degrees PID
3141,93.25,-255,Shoulder 0 to 90 degrees PID
3152,93.69,-255,Shoulder 0 to 90 degrees PID
3162,94.13,-255,Shoulder 0 to 90 degrees PID
3173,94.75,-255,Shoulder 0 to 90 degrees PID
3183,95.01,-255,Shoulder 0 to 90 degrees PID
3193,95.36,-255,Shoulder 0 to 90 degrees PID
3203,96.15,-255,Shoulder 0 to 90 degrees PID
3213,96.68,-255,Shoulder 0 to 90 degrees PID
3224,97.21,-255,Shoulder 0 to 90 degrees PID
3234,97.56,-255,Shoulder 0 to 90 degrees PID
3244,97.82,-255,Shoulder 0 to 90 degrees PID
3254,98.17,-255,Shoulder 0 to 90 degrees PID
3264,99.14,-255,Shoulder 0 to 90 degrees PID
3275,99.58,-255,Shoulder 0 to 90 degrees PID
3285,99.93,-255,Shoulder 0 to 90 degrees PID
3295,100.28,-255,Shoulder 0 to 90 degrees PID
3306,100.72,-255,Shoulder 0 to 90 degrees PID
3316,100.99,-255,Shoulder 0 to 90 degrees PID
3326,101.87,-255,Shoulder 0 to 90 degrees PID
3336,102.22,-255,Shoulder 0 to 90 degrees PID
3347,102.66,-255,Shoulder 0 to 90 degrees PID
3357,103.01,-255,Shoulder 0 to 90 degrees PID
3367,103.27,-255,Shoulder 0 to 90 degrees PID
3377,104.15,-255,Shoulder 0 to 90 degrees PID
3387,104.5,-255,Shoulder 0 to 90 degrees PID
3398,104.94,-255,Shoulder 0 to 90 degrees PID
3408,105.29,-255,Shoulder 0 to 90 degrees PID
3418,105.56,-255,Shoulder 0 to 90 degrees PID
3429,106.35,-255,Shoulder 0 to 90 degrees PID
3439,106.79,-255,Shoulder 0 to 90 degrees PID
3450,107.31,-255,Shoulder 0 to 90 degrees PID
3460,107.67,-255,Shoulder 0 to 90 degrees PID
3471,108.02,-255,Shoulder 0 to 90 degrees PID
3481,108.81,-255,Shoulder 0 to 90 degrees PID
3492,109.25,-255,Shoulder 0 to 90 degrees PID
3502,109.6,-255,Shoulder 0 to 90 degrees PID
3513,109.95,-255,Shoulder 0 to 90 degrees PID
3524,110.3,-255,Shoulder 0 to 90 degrees PID
3534,111.18,-255,Shoulder 0 to 90 degrees PID
3545,111.53,-255,Shoulder 0 to 90 degrees PID
3555,111.97,-255,Shoulder 0 to 90 degrees PID
3565,112.32,-255,Shoulder 0 to 90 degrees PID
3576,112.76,-255,Shoulder 0 to 90 degrees PID
3586,113.47,-255,Shoulder 0 to 90 degrees PID
3597,113.99,-255,Shoulder 0 to 90 degrees PID
3607,114.43,-255,Shoulder 0 to 90 degrees PID
3617,114.79,-255,Shoulder 0 to 90 degrees PID
3628,115.14,-255,Shoulder 0 to 90 degrees PID
3638,115.49,-255,Shoulder 0 to 90 degrees PID
3648,116.37,-255,Shoulder 0 to 90 degrees PID
3659,116.72,-255,Shoulder 0 to 90 degrees PID
3669,117.25,-255,Shoulder 0 to 90 degrees PID
3679,117.6,-255,Shoulder 0 to 90 degrees PID
3689,117.95,-255,Shoulder 0 to 90 degrees PID
3699,118.74,-255,Shoulder 0 to 90 degrees PID
3709,119.09,-255,Shoulder 0 to 90 degrees PID
3720,119.53,-255,Shoulder 0 to 90 degrees PID
3730,119.88,-255,Shoulder 0 to 90 degrees PID
3741,120.23,-255,Shoulder 0 to 90 degrees PID
3751,121.11,-255,Shoulder 0 to 90 degrees PID
3761,121.46,-255,Shoulder 0 to 90 degrees PID
3771,121.82,-255,Shoulder 0 to 90 degrees PID
3782,122.34,-255,Shoulder 0 to 90 degrees PID
3792,122.87,-255,Shoulder 0 to 90 degrees PID
3802,123.66,-255,Shoulder 0 to 90 degrees PID
3812,123.93,-255,Shoulder 0 to 90 degrees PID
3822,124.45,-255,Shoulder 0 to 90 degrees PID
3832,124.89,-255,Shoulder 0 to 90 degrees PID
3842,125.24,-255,Shoulder 0 to 90 degrees PID
3853,125.68,-255,Shoulder 0 to 90 degrees PID
3863,126.39,-255,Shoulder 0 to 90 degrees PID
3874,126.83,-255,Shoulder 0 to 90 degrees PID
3884,127.18,-255,Shoulder 0 to 90 degrees PID
3894,127.62,-255,Shoulder 0 to 90 degrees PID
3905,127.97,-255,Shoulder 0 to 90 degrees PID
3915,128.85,-255,Shoulder 0 to 90 degrees PID
3926,129.29,-255,Shoulder 0 to 90 degrees PID
3936,129.73,-255,Shoulder 0 to 90 degrees PID
3947,130.25,-255,Shoulder 0 to 90 degrees PID
3957,130.43,-255,Shoulder 0 to 90 degrees PID
3968,131.31,-255,Shoulder 0 to 90 degrees PID
3978,131.75,-255,Shoulder 0 to 90 degrees PID
3989,132.1,-255,Shoulder 0 to 90 degrees PID
3999,132.63,-255,Shoulder 0 to 90 degrees PID
4009,132.98,-255,Shoulder 0 to 90 degrees PID
4019,133.33,-255,Shoulder 0 to 90 degrees PID
4030,134.21,-255,Shoulder 0 to 90 degrees PID
4041,134.56,-255,Shoulder 0 to 90 degrees PID
4051,135.0,-255,Shoulder 0 to 90 degrees PID
4062,135.44,-255,Shoulder 0 to 90 degrees PID
4072,135.79,-255,Shoulder 0 to 90 degrees PID
4083,136.76,-255,Shoulder 0 to 90 degrees PID
4093,137.2,-255,Shoulder 0 to 90 degrees PID
4103,137.64,-255,Shoulder 0 to 90 degrees PID
4113,137.99,-255,Shoulder 0 to 90 degrees PID
4123,138.43,-255,Shoulder 0 to 90 degrees PID
4134,139.39,-255,Shoulder 0 to 90 degrees PID
4144,139.75,-255,Shoulder 0 to 90 degrees PID
4154,140.19,-255,Shoulder 0 to 90 degrees PID
4165,140.62,-255,Shoulder 0 to 90 degrees PID
4175,141.06,-255,Shoulder 0 to 90 degrees PID
4185,142.12,-255,Shoulder 0 to 90 degrees PID
4195,142.56,-255,Shoulder 0 to 90 degrees PID
4206,143.0,-255,Shoulder 0 to 90 degrees PID
4216,143.26,-255,Shoulder 0 to 90 degrees PID
4226,143.7,-255,Shoulder 0 to 90 degrees PID
4236,144.05,-255,Shoulder 0 to 90 degrees PID
4246,145.02,-255,Shoulder 0 to 90 degrees PID
4257,145.55,-255,Shoulder 0 to 90 degrees PID
4267,145.99,-255,Shoulder 0 to 90 degrees PID
4277,146.34,-255,Shoulder 0 to 90 degrees PID
4287,146.6,-255,Shoulder 0 to 90 degrees PID
4298,147.66,-255,Shoulder 0 to 90 degrees PID
4308,148.1,-255,Shoulder 0 to 90 degrees PID
4319,148.54,-255,Shoulder 0 to 90 degrees PID
4329,148.89,-255,Shoulder 0 to 90 degrees PID
4339,149.33,-255,Shoulder 0 to 90 degrees PID
4349,149.68,-255,Shoulder 0 to 90 degrees PID
4360,150.82,-255,Shoulder 0 to 90 degrees PID
4370,151.26,-255,Shoulder 0 to 90 degrees PID
4381,151.7,-255,Shoulder 0 to 90 degrees PID
4391,152.14,-255,Shoulder 0 to 90 degrees PID
4402,152.58,-255,Shoulder 0 to 90 degrees PID
4412,153.54,-255,Shoulder 0 to 90 degrees PID
4422,153.9,-255,Shoulder 0 to 90 degrees PID
4432,154.34,-255,Shoulder 0 to 90 degrees PID
4443,154.69,-255,Shoulder 0 to 90 degrees PID
4453,155.13,-255,Shoulder 0 to 90 degrees PID
4464,156.18,-255,Shoulder 0 to 90 degrees PID
4474,156.62,-255,Shoulder 0 to 90 degrees PID
4485,157.06,-255,Shoulder 0 to 90 degrees PID
4495,157.32,-255,Shoulder 0 to 90 degrees PID
4505,157.68,-255,Shoulder 0 to 90 degrees PID
4516,158.73,-255,Shoulder 0 to 90 degrees PID
4526,159.08,-255,Shoulder 0 to 90 degrees PID
4536,159.52,-255,Shoulder 0 to 90 degrees PID
4546,159.96,-255,Shoulder 0 to 90 degrees PID
4556,160.49,-255,Shoulder 0 to 90 degrees PID
4566,161.46,-255,Shoulder 0 to 90 degrees PID
4577,161.89,-255,Shoulder 0 to 90 degrees PID
4587,162.25,-255,Shoulder 0 to 90 degrees PID
4597,162.69,-255,Shoulder 0 to 90 degrees PID
4607,163.12,-255,Shoulder 0 to 90 degrees PID
4618,163.48,-255,Shoulder 0 to 90 degrees PID
4628,164.44,-255,Shoulder 0 to 90 degrees PID
4638,164.88,-255,Shoulder 0 to 90 degrees PID
4649,165.32,-255,Shoulder 0 to 90 degrees PID
4659,165.67,-252,Shoulder 0 to 90 degrees PID
4669,166.11,-246,Shoulder 0 to 90 degrees PID
4679,166.9,-232,Shoulder 0 to 90 degrees PID
4690,167.52,-219,Shoulder 0 to 90 degrees PID
4700,167.87,-212,Shoulder 0 to 90 degrees PID
4711,168.13,-207,Shoulder 0 to 90 degrees PID
4721,168.75,-200,Shoulder 0 to 90 degrees PID
4732,169.45,-184,Shoulder 0 to 90 degrees PID
4742,169.89,-176,Shoulder 0 to 90 degrees PID
4752,170.24,-170,Shoulder 0 to 90 degrees PID
4763,170.68,-163,Shoulder 0 to 90 degrees PID
4773,171.12,-155,Shoulder 0 to 90 degrees PID
4784,171.56,-147,Shoulder 0 to 90 degrees PID
4794,172.44,-132,Shoulder 0 to 90 degrees PID
4805,172.71,-127,Shoulder 0 to 90 degrees PID
4815,173.06,-121,Shoulder 0 to 90 degrees PID
4826,173.32,-116,Shoulder 0 to 90 degrees PID
4836,173.67,-110,Shoulder 0 to 90 degrees PID
4847,174.55,-95,Shoulder 0 to 90 degrees PID
4857,174.9,-89,Shoulder 0 to 90 degrees PID
4868,175.17,-84,Shoulder 0 to 90 degrees PID
4879,175.43,-79,Shoulder 0 to 90 degrees PID
4889,175.78,-73,Shoulder 0 to 90 degrees PID
4900,176.13,-67,Shoulder 0 to 90 degrees PID
4910,176.75,-67,Shoulder 0 to 90 degrees PID
4920,176.92,-56,Shoulder 0 to 90 degrees PID
4931,177.28,-47,Shoulder 0 to 90 degrees PID
4941,177.45,-47,Shoulder 0 to 90 degrees PID
4952,177.71,-44,Shoulder 0 to 90 degrees PID
4962,177.89,-36,Shoulder 0 to 90 degrees PID
4973,178.42,-36,Shoulder 0 to 90 degrees PID
4983,178.59,-27,Shoulder 0 to 90 degrees PID
4994,178.77,-21,Shoulder 0 to 90 degrees PID
5004,178.86,-19,Shoulder 0 to 90 degrees PID
5014,179.03,-19,Shoulder 0 to 90 degrees PID
5025,179.21,-16,Shoulder 0 to 90 degrees PID
5035,179.47,-13,Shoulder 0 to 90 degrees PID
5046,179.56,-9,Shoulder 0 to 90 degrees PID
5056,179.65,-7,Shoulder 0 to 90 degrees PID
5067,179.74,-6,Shoulder 0 to 90 degrees PID
5077,179.82,-4,Shoulder 0 to 90 degrees PID
5088,179.82,-3,Shoulder 0 to 90 degrees PID
5098,179.82,-3,Shoulder 0 to 90 degrees PID
5108,179.91,-1,Shoulder 0 to 90 degrees PID
5118,179.91,-1,Shoulder 0 to 90 degrees PID
5129,179.91,-1,Shoulder 0 to 90 degrees PID
5139,179.91,0,Shoulder 0 to 90 degrees PID
5150,179.91,0,Shoulder 0 to 90 degrees PID
5160,180.0,0,Shoulder 0 to 90 degrees PID
5170,180.0,0,Shoulder 0 to 90 degrees PID
5180,180.0,-1,Shoulder 0 to 90 degrees PID
5191,180.0,0,Shoulder 0 to 90 degrees PID
5201,180.0,0,Shoulder 0 to 90 degrees PID
5211,180.0,0,Shoulder 0 to 90 degrees PID
5221,180.0,0,Shoulder 0 to 90 degrees PID
5231,180.0,0,Shoulder 0 to 90 degrees PID
5241,180.0,0,Shoulder 0 to 90 degrees PID
5251,179.91,-1,Shoulder 0 to 90 degrees PID
5262,179.91,-1,Shoulder 0 to 90 degrees PID
5272,180.0,0,Shoulder 0 to 90 degrees PID
5282,179.91,0,Shoulder 0 to 90 degrees PID
5292,180.0,0,Shoulder 0 to 90 degrees PID
5303,180.0,0,Shoulder 0 to 90 degrees PID
5314,179.91,0,Shoulder 0 to 90 degrees PID
5324,179.91,-1,Shoulder 0 to 90 degrees PID
5335,180.0,-1,Shoulder 0 to 90 degrees PID
5345,179.91,-1,Shoulder 0 to 90 degrees PID
5355,179.91,-1,Shoulder 0 to 90 degrees PID
5366,179.91,-1,Shoulder 0 to 90 degrees PID
5376,180.0,0,Shoulder 0 to 90 degrees PID
5387,180.0,0,Shoulder 0 to 90 degrees PID
5397,180.0,0,Shoulder 0 to 90 degrees PID
5408,179.91,-1,Shoulder 0 to 90 degrees PID
5418,179.91,-1,Shoulder 0 to 90 degrees PID
5429,180.0,0,Shoulder 0 to 90 degrees PID
5439,179.91,0,Shoulder 0 to 90 degrees PID
5450,180.0,0,Shoulder 0 to 90 degrees PID
5460,180.0,0,Shoulder 0 to 90 degrees PID
5471,179.91,-1,Shoulder 0 to 90 degrees PID
5481,180.0,0,Shoulder 0 to 90 degrees PID
5491,180.0,0,Shoulder 0 to 90 degrees PID
5501,180.0,0,Shoulder 0 to 90 degrees PID
5512,179.91,0,Shoulder 0 to 90 degrees PID
5523,180.0,0,Shoulder 0 to 90 degrees PID
5533,180.0,0,Shoulder 0 to 90 degrees PID
5544,180.0,0,Shoulder 0 to 90 degrees PID
5554,179.91,0,Shoulder 0 to 90 degrees PID
5565,179.91,-1,Shoulder 0 to 90 degrees PID
5575,180.0,-1,Shoulder 0 to 90 degrees PID
5585,179.91,0,Shoulder 0 to 90 degrees PID
5595,180.0,0,Shoulder 0 to 90 degrees PID
5605,179.91,0,Shoulder 0 to 90 degrees PID
5615,180.0,0,Shoulder 0 to 90 degrees PID
5626,180.0,0,Shoulder 0 to 90 degrees PID
5637,180.0,-1,Shoulder 0 to 90 degrees PID
5647,179.91,-1,Shoulder 0 to 90 degrees PID
5657,179.91,-1,Shoulder 0 to 90 degrees PID
5667,180.0,0,Shoulder 0 to 90 degrees PID
5677,180.0,0,Shoulder 0 to 90 degrees PID
5688,179.91,-1,Shoulder 0 to 90 degrees PID
5698,179.91,-1,Shoulder 0 to 90 degrees PID
5708,179.91,-1,Shoulder 0 to 90 degrees PID
5718,179.91,0,Shoulder 0 to 90 degrees PID
5728,179.91,0,Shoulder 0 to 90 degrees PID
5739,180.0,0,Shoulder 0 to 90 degrees PID
5749,179.91,-1,Shoulder 0 to 90 degrees PID
5760,180.0,-1,Shoulder 0 to 90 degrees PID
5770,180.0,0,Shoulder 0 to 90 degrees PID
5780,180.0,-1,Shoulder 0 to 90 degrees PID
5790,179.91,0,Shoulder 0 to 90 degrees PID
5801,180.0,0,Shoulder 0 to 90 degrees PID
5811,179.91,0,Shoulder 0 to 90 degrees PID
5821,180.0,0,Shoulder 0 to 90 degrees PID
5832,180.0,0,Shoulder 0 to 90 degrees PID
5842,180.09,1,Shoulder 0 to 90 degrees PID
5852,179.91,0,Shoulder 0 to 90 degrees PID
5862,180.0,0,Shoulder 0 to 90 degrees PID
5872,180.0,0,Shoulder 0 to 90 degrees PID
5883,179.91,-1,Shoulder 0 to 90 degrees PID
5894,180.0,-1,Shoulder 0 to 90 degrees PID
5904,180.0,0,Shoulder 0 to 90 degrees PID
5914,180.0,0,Shoulder 0 to 90 degrees PID
5925,180.0,0,Shoulder 0 to 90 degrees PID
5935,179.91,0,Shoulder 0 to 90 degrees PID
5946,180.0,0,Shoulder 0 to 90 degrees PID
5956,179.91,0,Shoulder 0 to 90 degrees PID
5966,180.0,-1,Shoulder 0 to 90 degrees PID
5976,179.91,-1,Shoulder 0 to 90 degrees PID
5986,179.91,0,Shoulder 0 to 90 degrees PID
5996,179.91,0,Shoulder 0 to 90 degrees PID
6007,179.91,-1,Shoulder 0 to 90 degrees PID
6017,180.0,0,Shoulder 0 to 90 degrees PID
6027,180.0,0,Shoulder 0 to 90 degrees PID
6038,179.91,-1,Shoulder 0 to 90 degrees PID
6048,180.0,0,Shoulder 0 to 90 degrees PID
6058,179.91,-1,Shoulder 0 to 90 degrees PID
6068,180.0,-1,Shoulder 0 to 90 degrees PID
6078,180.0,-1,Shoulder 0 to 90 degrees PID
6089,179.91,0,Shoulder 0 to 90 degrees PID
6099,180.0,-1,Shoulder 0 to 90 degrees PID
6109,180.0,-1,Shoulder 0 to 90 degrees PID
6119,180.0,-1,Shoulder 0 to 90 degrees PID
6130,180.0,-1,Shoulder 0 to 90 degrees PID
6140,180.0,0,Shoulder 0 to 90 degrees PID
6151,180.0,0,Shoulder 0 to 90 degrees PID
6161,179.91,0,Shoulder 0 to 90 degrees PID
6172,180.0,0,Shoulder 0 to 90 degrees PID
6182,180.0,0,Shoulder 0 to 90 degrees PID
6193,179.91,-1,Shoulder 0 to 90 degrees PID
6204,179.91,-1,Shoulder 0 to 90 degrees PID
6214,180.0,-1,Shoulder 0 to 90 degrees PID
6225,180.0,0,Shoulder 0 to 90 degrees PID
6236,180.0,0,Shoulder 0 to 90 degrees PID
6246,180.0,0,Shoulder 0 to 90 degrees PID
6257,179.91,0,Shoulder 0 to 90 degrees PID
6268,180.0,-1,Shoulder 0 to 90 degrees PID
6278,180.0,-1,Shoulder 0 to 90 degrees PID
6289,180.0,0,Shoulder 0 to 90 degrees PID
6299,179.91,0,Shoulder 0 to 90 degrees PID
6310,180.09,0,Shoulder 0 to 90 degrees PID
6320,180.0,0,Shoulder 0 to 90 degrees PID
6331,180.0,0,Shoulder 0 to 90 degrees PID
6342,179.91,-1,Shoulder 0 to 90 degrees PID
6352,180.0,0,Shoulder 0 to 90 degrees PID
6363,179.91,0,Shoulder 0 to 90 degrees PID
6373,180.0,0,Shoulder 0 to 90 degrees PID
6384,179.91,0,Shoulder 0 to 90 degrees PID
6395,180.0,-1,Shoulder 0 to 90 degrees PID
6405,179.91,0,Shoulder 0 to 90 degrees PID
6416,180.0,0,Shoulder 0 to 90 degrees PID
6427,180.0,0,Shoulder 0 to 90 degrees PID
6437,180.0,0,Shoulder 0 to 90 degrees PID
6448,180.0,0,Shoulder 0 to 90 degrees PID
6458,180.0,-1,Shoulder 0 to 90 degrees PID
6469,179.91,-1,Shoulder 0 to 90 degrees PID
6480,180.0,0,Shoulder 0 to 90 degrees PID
6490,180.0,-1,Shoulder 0 to 90 degrees PID
6501,180.0,-1,Shoulder 0 to 90 degrees PID
6511,179.91,-1,Shoulder 0 to 90 degrees PID
6521,179.91,0,Shoulder 0 to 90 degrees PID
6532,179.91,-1,Shoulder 0 to 90 degrees PID
6542,179.91,-1,Shoulder 0 to 90 degrees PID
6553,180.0,0,Shoulder 0 to 90 degrees PID
6563,180.0,0,Shoulder 0 to 90 degrees PID
6574,180.0,0,Shoulder 0 to 90 degrees PID
6584,179.91,-1,Shoulder 0 to 90 degrees PID
6595,179.91,-1,Shoulder 0 to 90 degrees PID
6605,180.0,0,Shoulder 0 to 90 degrees PID
6615,179.91,0,Shoulder 0 to 90 degrees PID
6626,180.0,-1,Shoulder 0 to 90 degrees PID
6637,180.0,0,Shoulder 0 to 90 degrees PID
6647,180.0,0,Shoulder 0 to 90 degrees PID
6658,180.0,0,Shoulder 0 to 90 degrees PID
6668,180.0,0,Shoulder 0 to 90 degrees PID
6679,180.0,0,Shoulder 0 to 90 degrees PID
6689,180.0,0,Shoulder 0 to 90 degrees PID
6700,180.0,0,Shoulder 0 to 90 degrees PID
6710,180.0,0,Shoulder 0 to 90 degrees PID
6720,179.91,0,Shoulder 0 to 90 degrees PID
6731,180.0,-1,Shoulder 0 to 90 degrees PID
6741,180.0,0,Shoulder 0 to 90 degrees PID
6752,180.0,0,Shoulder 0 to 90 degrees PID
6762,179.91,-1,Shoulder 0 to 90 degrees PID
6773,180.0,-1,Shoulder 0 to 90 degrees PID
6783,180.0,0,Shoulder 0 to 90 degrees PID
6794,179.91,0,Shoulder 0 to 90 degrees PID
6804,180.0,-1,Shoulder 0 to 90 degrees PID
6814,179.91,0,Shoulder 0 to 90 degrees PID
6824,180.0,0,Shoulder 0 to 90 degrees PID
6834,180.0,0,Shoulder 0 to 90 degrees PID
6844,180.0,-1,Shoulder 0 to 90 degrees PID
6854,180.0,0,Shoulder 0 to 90 degrees PID
6865,180.0,0,Shoulder 0 to 90 degrees PID
6875,180.0,0,Shoulder 0 to 90 degrees PID
6886,180.0,0,Shoulder 0 to 90 degrees PID
6896,180.0,0,Shoulder 0 to 90 degrees PID
6907,180.0,0,Shoulder 0 to 90 degrees PID
6917,180.0,0,Shoulder 0 to 90 degrees PID
6927,179.91,0,Shoulder 0 to 90 degrees PID
6937,179.91,-1,Shoulder 0 to 90 degrees PID
6947,180.0,0,Shoulder 0 to 90 degrees PID
6958,180.0,0,Shoulder 0 to 90 degrees PID
6968,180.0,0,Shoulder 0 to 90 degrees PID
6978,180.0,0,Shoulder 0 to 90 degrees PID
6989,180.0,0,Shoulder 0 to 90 degrees PID
6999,180.0,0,Shoulder 0 to 90 degrees PID
7010,180.0,-1,Shoulder 0 to 90 degrees PID
7020,180.0,-1,Shoulder 0 to 90 degrees PID
7031,179.91,-1,Shoulder 0 to 90 degrees PID
7041,179.91,-1,Shoulder 0 to 90 degrees PID
7051,180.0,0,Shoulder 0 to 90 degrees PID
7062,179.91,-1,Shoulder 0 to 90 degrees PID
7072,180.0,0,Shoulder 0 to 90 degrees PID
7082,180.0,0,Shoulder 0 to 90 degrees PID
7093,180.0,0,Shoulder 0 to 90 degrees PID
7103,180.0,0,Shoulder 0 to 90 degrees PID
7113,180.0,0,Shoulder 0 to 90 degrees PID
7124,179.91,-1,Shoulder 0 to 90 degrees PID
7134,179.91,-1,Shoulder 0 to 90 degrees PID
7145,180.0,0,Shoulder 0 to 90 degrees PID
7155,179.91,-1,Shoulder 0 to 90 degrees PID
7166,179.91,-1,Shoulder 0 to 90 degrees PID
7176,180.0,0,Shoulder 0 to 90 degrees PID
7187,180.0,0,Shoulder 0 to 90 degrees PID
7197,180.0,0,Shoulder 0 to 90 degrees PID
7208,180.0,0,Shoulder 0 to 90 degrees PID
7218,179.91,-1,Shoulder 0 to 90 degrees PID
7228,179.91,-1,Shoulder 0 to 90 degrees PID
7238,180.0,-1,Shoulder 0 to 90 degrees PID
7248,180.0,0,Shoulder 0 to 90 degrees PID
7259,180.0,0,Shoulder 0 to 90 degrees PID
7269,179.91,0,Shoulder 0 to 90 degrees PID
7279,180.0,-1,Shoulder 0 to 90 degrees PID
7290,180.0,0,Shoulder 0 to 90 degrees PID
7300,179.91,0,Shoulder 0 to 90 degrees PID
7311,180.09,0,Shoulder 0 to 90 degrees PID
7322,180.0,0,Shoulder 0 to 90 degrees PID
7332,180.0,0,Shoulder 0 to 90 degrees PID
7342,179.91,0,Shoulder 0 to 90 degrees PID
7353,180.0,-1,Shoulder 0 to 90 degrees PID
7363,180.0,0,Shoulder 0 to 90 degrees PID
7373,179.91,0,Shoulder 0 to 90 degrees PID
7383,180.0,0,Shoulder 0 to 90 degrees PID
7394,179.91,-1,Shoulder 0 to 90 degrees PID
7404,180.0,0,Shoulder 0 to 90 degrees PID
7414,180.0,0,Shoulder 0 to 90 degrees PID
7424,180.0,-1,Shoulder 0 to 90 degrees PID
7435,180.0,-1,Shoulder 0 to 90 degrees PID
7445,179.91,0,Shoulder 0 to 90 degrees PID
7456,180.0,-1,Shoulder 0 to 90 degrees PID
7466,180.0,-1,Shoulder 0 to 90 degrees PID
7477,180.0,-1,Shoulder 0 to 90 degrees PID
7487,179.91,-1,Shoulder 0 to 90 degrees PID
7497,180.09,0,Shoulder 0 to 90 degrees PID
7507,180.0,-1,Shoulder 0 to 90 degrees PID
7517,179.91,-1,Shoulder 0 to 90 degrees PID
7528,179.91,-1,Shoulder 0 to 90 degrees PID
7538,179.91,0,Shoulder 0 to 90 degrees PID
7549,180.0,1,Shoulder 0 to 90 degrees PID
7559,180.0,0,Shoulder 0 to 90 degrees PID
7569,180.0,0,Shoulder 0 to 90 degrees PID
7580,180.0,0,Shoulder 0 to 90 degrees PID
7590,180.0,0,Shoulder 0 to 90 degrees PID
7600,180.0,0,Shoulder 0 to 90 degrees PID
7610,180.0,0,Shoulder 0 to 90 degrees PID
7621,180.0,0,Shoulder 0 to 90 degrees PID
7631,180.09,0,Shoulder 0 to 90 degrees PID
7642,180.0,1,Shoulder 0 to 90 degrees PID
7652,180.0,0,Shoulder 0 to 90 degrees PID
7663,180.0,0,Shoulder 0 to 90 degrees PID
7673,180.09,0,Shoulder 0 to 90 degrees PID
7684,180.0,1,Shoulder 0 to 90 degrees PID
7694,179.91,0,Shoulder 0 to 90 degrees PID
7705,180.0,-1,Shoulder 0 to 90 degrees PID
7715,180.0,0,Shoulder 0 to 90 degrees PID
7726,180.0,0,Shoulder 0 to 90 degrees PID
7736,179.91,0,Shoulder 0 to 90 degrees PID
7747,180.0,-1,Shoulder 0 to 90 degrees PID
7757,180.0,0,Shoulder 0 to 90 degrees PID
7768,179.91,0,Shoulder 0 to 90 degrees PID
7778,180.0,-1,Shoulder 0 to 90 degrees PID
7789,180.0,0,Shoulder 0 to 90 degrees PID
7799,180.0,0,Shoulder 0 to 90 degrees PID
7810,179.91,0,Shoulder 0 to 90 degrees PID
7820,180.0,0,Shoulder 0 to 90 degrees PID
7831,179.91,0,Shoulder 0 to 90 degrees PID
7841,180.0,0,Shoulder 0 to 90 degrees PID
7852,179.91,0,Shoulder 0 to 90 degrees PID
7862,179.91,-1,Shoulder 0 to 90 degrees PID
7873,180.0,-1,Shoulder 0 to 90 degrees PID
7884,180.0,0,Shoulder 0 to 90 degrees PID
7894,179.91,0,Shoulder 0 to 90 degrees PID
7905,179.91,0,Shoulder 0 to 90 degrees PID
7915,180.0,-1,Shoulder 0 to 90 degrees PID
7925,180.0,0,Shoulder 0 to 90 degrees PID
7935,180.0,0,Shoulder 0 to 90 degrees PID
7945,180.0,0,Shoulder 0 to 90 degrees PID
7955,179.91,0,Shoulder 0 to 90 degrees PID
7966,180.0,-1,Shoulder 0 to 90 degrees PID
7976,180.0,-1,Shoulder 0 to 90 degrees PID
7987,179.91,0,Shoulder 0 to 90 degrees PID
7997,179.91,0,Shoulder 0 to 90 degrees PID
8007,180.0,-1,Shoulder 0 to 90 degrees PID
8017,180.0,0,Shoulder 0 to 90 degrees PID
8028,180.0,0,Shoulder 0 to 90 degrees PID
8038,180.0,0,Shoulder 0 to 90 degrees PID
8048,180.0,0,Shoulder 0 to 90 degrees PID
8058,180.0,-1,Shoulder 0 to 90 degrees PID
8068,180.0,0,Shoulder 0 to 90 degrees PID
8078,179.91,0,Shoulder 0 to 90 degrees PID
8089,180.0,0,Shoulder 0 to 90 degrees PID
8100,180.09,0,Shoulder 0 to 90 degrees PID
8110,179.91,-1,Shoulder 0 to 90 degrees PID
8120,180.0,0,Shoulder 0 to 90 degrees PID
8130,180.0,0,Shoulder 0 to 90 degrees PID
8140,180.0,0,Shoulder 0 to 90 degrees PID
8151,179.91,-1,Shoulder 0 to 90 degrees PID
8161,180.09,-1,Shoulder 0 to 90 degrees PID
8171,179.91,-1,Shoulder 0 to 90 degrees PID
8182,179.91,0,Shoulder 0 to 90 degrees PID
8192,179.91,-1,Shoulder 0 to 90 degrees PID
8203,180.0,0,Shoulder 0 to 90 degrees PID
8214,180.0,0,Shoulder 0 to 90 degrees PID
8224,179.91,0,Shoulder 0 to 90 degrees PID
8235,180.0,0,Shoulder 0 to 90 degrees PID
8245,180.0,-1,Shoulder 0 to 90 degrees PID
8256,179.91,0,Shoulder 0 to 90 degrees PID
8267,179.91,0,Shoulder 0 to 90 degrees PID
8277,180.0,-1,Shoulder 0 to 90 degrees PID
8288,180.0,-1,Shoulder 0 to 90 degrees PID
8298,180.0,0,Shoulder 0 to 90 degrees PID
8309,180.0,0,Shoulder 0 to 90 degrees PID
8320,180.0,0,Shoulder 0 to 90 degrees PID
8330,180.0,0,Shoulder 0 to 90 degrees PID
8341,179.91,0,Shoulder 0 to 90 degrees PID
8351,179.91,0,Shoulder 0 to 90 degrees PID
8362,180.09,1,Shoulder 0 to 90 degrees PID
8373,180.0,0,Shoulder 0 to 90 degrees PID
8383,179.91,0,Shoulder 0 to 90 degrees PID
8394,180.0,-1,Shoulder 0 to 90 degrees PID
8404,179.91,-1,Shoulder 0 to 90 degrees PID
8415,179.91,-1,Shoulder 0 to 90 degrees PID
8425,180.0,0,Shoulder 0 to 90 degrees PID
8435,179.91,-1,Shoulder 0 to 90 degrees PID
8446,179.91,-1,Shoulder 0 to 90 degrees PID
8456,179.91,0,Shoulder 0 to 90 degrees PID
8467,180.0,0,Shoulder 0 to 90 degrees PID
8478,180.0,-1,Shoulder 0 to 90 degrees PID
8488,179.91,-1,Shoulder 0 to 90 degrees PID
8499,180.0,0,Shoulder 0 to 90 degrees PID
8509,179.91,0,Shoulder 0 to 90 degrees PID
8519,180.0,-1,Shoulder 0 to 90 degrees PID
8530,179.91,0,Shoulder 0 to 90 degrees PID
8540,180.0,-1,Shoulder 0 to 90 degrees PID
8550,180.0,0,Shoulder 0 to 90 degrees PID
8560,180.0,0,Shoulder 0 to 90 degrees PID
8570,180.0,0,Shoulder 0 to 90 degrees PID
8580,179.91,0,Shoulder 0 to 90 degrees PID
8590,180.0,0,Shoulder 0 to 90 degrees PID
8600,180.0,0,Shoulder 0 to 90 degrees PID
8611,180.0,-1,Shoulder 0 to 90 degrees PID
8621,180.0,-1,Shoulder 0 to 90 degrees PID
8631,180.0,0,Shoulder 0 to 90 degrees PID
8641,180.0,0,Shoulder 0 to 90 degrees PID
8652,180.0,0,Shoulder 0 to 90 degrees PID
8662,179.91,0,Shoulder 0 to 90 degrees PID
8672,180.0,1,Shoulder 0 to 90 degrees PID
8682,179.91,-1,Shoulder 0 to 90 degrees PID
8692,179.91,0,Shoulder 0 to 90 degrees PID
8702,179.91,0,Shoulder 0 to 90 degrees PID
8712,179.91,-1,Shoulder 0 to 90 degrees PID
8723,180.0,0,Shoulder 0 to 90 degrees PID
8733,180.0,-1,Shoulder 0 to 90 degrees PID
8743,180.0,-1,Shoulder 0 to 90 degrees PID
8754,180.0,-1,Shoulder 0 to 90 degrees PID
8765,180.0,0,Shoulder 0 to 90 degrees PID
8775,180.0,0,Shoulder 0 to 90 degrees PID
8786,179.91,0,Shoulder 0 to 90 degrees PID
8796,180.0,0,Shoulder 0 to 90 degrees PID
8807,180.0,0,Shoulder 0 to 90 degrees PID
8817,180.0,0,Shoulder 0 to 90 degrees PID
8828,180.0,-1,Shoulder 0 to 90 degrees PID
8838,180.0,0,Shoulder 0 to 90 degrees PID
8848,180.0,0,Shoulder 0 to 90 degrees PID
8859,180.0,0,Shoulder 0 to 90 degrees PID
8869,180.0,0,Shoulder 0 to 90 degrees PID
8880,179.91,0,Shoulder 0 to 90 degrees PID
8890,179.91,-1,Shoulder 0 to 90 degrees PID
8901,179.91,-1,Shoulder 0 to 90 degrees PID
8911,179.91,-1,Shoulder 0 to 90 degrees PID
8922,179.91,-1,Shoulder 0 to 90 degrees PID
8932,179.91,-1,Shoulder 0 to 90 degrees PID
8943,180.0,-1,Shoulder 0 to 90 degrees PID
8953,180.0,0,Shoulder 0 to 90 degrees PID
8964,180.0,0,Shoulder 0 to 90 degrees PID
8974,180.0,0,Shoulder 0 to 90 degrees PID
8984,179.91,0,Shoulder 0 to 90 degrees PID
8995,180.0,0,Shoulder 0 to 90 degrees PID
9005,180.0,0,Shoulder 0 to 90 degrees PID
9015,180.0,0,Shoulder 0 to 90 degrees PID
9026,179.91,0,Shoulder 0 to 90 degrees PID
9036,180.0,-1,Shoulder 0 to 90 degrees PID
9046,180.0,-1,Shoulder 0 to 90 degrees PID
9056,180.0,0,Shoulder 0 to 90 degrees PID
9067,179.91,-1,Shoulder 0 to 90 degrees PID
9077,180.0,0,Shoulder 0 to 90 degrees PID
9087,179.91,0,Shoulder 0 to 90 degrees PID
9097,179.91,0,Shoulder 0 to 90 degrees PID
9108,180.0,-1,Shoulder 0 to 90 degrees PID
9118,180.0,0,Shoulder 0 to 90 degrees PID
9128,179.91,-1,Shoulder 0 to 90 degrees PID
9138,180.0,0,Shoulder 0 to 90 degrees PID
9149,180.0,-1,Shoulder 0 to 90 degrees PID
9159,179.91,-1,Shoulder 0 to 90 degrees PID
9169,180.0,0,Shoulder 0 to 90 degrees PID
9179,179.91,-1,Shoulder 0 to 90 degrees PID
9189,180.0,-1,Shoulder 0 to 90 degrees PID
9200,180.0,-1,Shoulder 0 to 90 degrees PID
9210,180.0,-1,Shoulder 0 to 90 degrees PID
9220,180.0,0,Shoulder 0 to 90 degrees PID
9231,180.0,-1,Shoulder 0 to 90 degrees PID
9241,179.91,-1,Shoulder 0 to 90 degrees PID
9251,180.0,0,Shoulder 0 to 90 degrees PID
9262,179.91,-1,Shoulder 0 to 90 degrees PID
9272,180.0,0,Shoulder 0 to 90 degrees PID
9283,179.91,-1,Shoulder 0 to 90 degrees PID
9294,180.0,0,Shoulder 0 to 90 degrees PID
9304,180.0,0,Shoulder 0 to 90 degrees PID
9314,180.0,0,Shoulder 0 to 90 degrees PID
9325,180.0,0,Shoulder 0 to 90 degrees PID
9335,180.0,0,Shoulder 0 to 90 degrees PID
9346,180.0,0,Shoulder 0 to 90 degrees PID
9356,180.0,0,Shoulder 0 to 90 degrees PID
9367,180.0,0,Shoulder 0 to 90 degrees PID
9378,180.0,0,Shoulder 0 to 90 degrees PID
9388,179.91,-1,Shoulder 0 to 90 degrees PID
9399,179.91,-1,Shoulder 0 to 90 degrees PID
9409,180.0,0,Shoulder 0 to 90 degrees PID
9420,180.0,0,Shoulder 0 to 90 degrees PID
9430,180.0,0,Shoulder 0 to 90 degrees PID
9441,180.0,0,Shoulder 0 to 90 degrees PID
9451,180.0,0,Shoulder 0 to 90 degrees PID
9461,179.91,0,Shoulder 0 to 90 degrees PID
9472,179.91,0,Shoulder 0 to 90 degrees PID
9482,180.0,-1,Shoulder 0 to 90 degrees PID
9493,180.0,-1,Shoulder 0 to 90 degrees PID
9503,180.0,0,Shoulder 0 to 90 degrees PID
9513,180.09,0,Shoulder 0 to 90 degrees PID
9524,179.91,-1,Shoulder 0 to 90 degrees PID
9534,180.0,-1,Shoulder 0 to 90 degrees PID
9545,180.0,0,Shoulder 0 to 90 degrees PID
9555,180.0,0,Shoulder 0 to 90 degrees PID
9565,180.0,-1,Shoulder 0 to 90 degrees PID
9575,179.91,0,Shoulder 0 to 90 degrees PID
9585,180.0,-1,Shoulder 0 to 90 degrees PID
9595,180.0,0,Shoulder 0 to 90 degrees PID
9605,180.0,0,Shoulder 0 to 90 degrees PID
9616,180.0,-1,Shoulder 0 to 90 degrees PID
9626,180.0,0,Shoulder 0 to 90 degrees PID
9636,180.0,0,Shoulder 0 to 90 degrees PID
9646,179.91,0,Shoulder 0 to 90 degrees PID
9657,180.0,0,Shoulder 0 to 90 degrees PID
9667,180.0,0,Shoulder 0 to 90 degrees PID
9677,180.0,0,Shoulder 0 to 90 degrees PID
9688,180.0,0,Shoulder 0 to 90 degrees PID
9698,180.0,0,Shoulder 0 to 90 degrees PID
9708,179.91,0,Shoulder 0 to 90 degrees PID
9718,180.0,0,Shoulder 0 to 90 degrees PID
9729,179.91,0,Shoulder 0 to 90 degrees PID
9740,179.91,-1,Shoulder 0 to 90 degrees PID
9750,180.0,0,Shoulder 0 to 90 degrees PID
9760,179.91,-1,Shoulder 0 to 90 degrees PID
9771,180.0,0,Shoulder 0 to 90 degrees PID
9781,180.0,0,Shoulder 0 to 90 degrees PID
9791,180.0,0,Shoulder 0 to 90 degrees PID
9802,180.0,0,Shoulder 0 to 90 degrees PID
9812,180.0,0,Shoulder 0 to 90 degrees PID
9822,180.0,0,Shoulder 0 to 90 degrees PID
9832,179.91,0,Shoulder 0 to 90 degrees PID
9843,180.0,0,Shoulder 0 to 90 degrees PID
9853,179.91,0,Shoulder 0 to 90 degrees PID
9864,180.0,-1,Shoulder 0 to 90 degrees PID
9875,180.0,0,Shoulder 0 to 90 degrees PID
9885,179.91,0,Shoulder 0 to 90 degrees PID
9896,180.0,-1,Shoulder 0 to 90 degrees PID
9906,180.0,0,Shoulder 0 to 90 degrees PID
9917,180.0,0,Shoulder 0 to 90 degrees PID
9927,179.91,0,Shoulder 0 to 90 degrees PID
9938,180.0,-1,Shoulder 0 to 90 degrees PID
9948,179.91,0,Shoulder 0 to 90 degrees PID
9959,180.0,-1,Shoulder 0 to 90 degrees PID
9969,179.91,0,Shoulder 0 to 90 degrees PID
9980,180.0,-1,Shoulder 0 to 90 degrees PID
9990,179.91,0,Shoulder 0 to 90 degrees PID
10001,179.91,-1,Shoulder 0 to 90 degrees PID
10011,179.91,-1,Shoulder 0 to 90 degrees PID
10022,180.0,0,Shoulder 0 to 90 degrees PID
10032,179.91,0,Shoulder 0 to 90 degrees PID
10043,179.91,-1,Shoulder 0 to 90 degrees PID
10053,180.0,-1,Shoulder 0 to 90 degrees PID
10064,179.91,0,Shoulder 0 to 90 degrees PID
10074,179.91,-1,Shoulder 0 to 90 degrees PID
10085,179.91,-1,Shoulder 0 to 90 degrees PID
10095,180.0,-1,Shoulder 0 to 90 degrees PID
10106,180.0,0,Shoulder 0 to 90 degrees PID
10116,180.0,0,Shoulder 0 to 90 degrees PID
10127,179.91,0,Shoulder 0 to 90 degrees PID
10137,180.0,-1,Shoulder 0 to 90 degrees PID
10147,179.91,-1,Shoulder 0 to 90 degrees PID
10158,179.91,0,Shoulder 0 to 90 degrees PID
10168,180.0,-1,Shoulder 0 to 90 degrees PID
10178,180.0,0,Shoulder 0 to 90 degrees PID
10189,180.0,0,Shoulder 0 to 90 degrees PID
10199,180.0,0,Shoulder 0 to 90 degrees PID
10209,180.0,0,Shoulder 0 to 90 degrees PID
10220,180.0,0,Shoulder 0 to 90 degrees PID
10230,180.0,-1,Shoulder 0 to 90 degrees PID
10240,180.09,0,Shoulder 0 to 90 degrees PID
10250,180.0,0,Shoulder 0 to 90 degrees PID
10261,180.0,0,Shoulder 0 to 90 degrees PID
10271,179.91,0,Shoulder 0 to 90 degrees PID
10281,180.0,0,Shoulder 0 to 90 degrees PID
10292,180.0,-1,Shoulder 0 to 90 degrees PID
10302,180.0,0,Shoulder 0 to 90 degrees PID
10312,180.0,0,Shoulder 0 to 90 degrees PID
10323,179.91,0,Shoulder 0 to 90 degrees PID
10333,180.0,-1,Shoulder 0 to 90 degrees PID
10343,180.0,0,Shoulder 0 to 90 degrees PID
10353,180.0,-1,Shoulder 0 to 90 degrees PID
10364,180.0,0,Shoulder 0 to 90 degrees PID
10374,180.0,0,Shoulder 0 to 90 degrees PID
10384,180.0,0,Shoulder 0 to 90 degrees PID
10395,179.91,0,Shoulder 0 to 90 degrees PID
10406,179.91,-1,Shoulder 0 to 90 degrees PID
10416,180.0,0,Shoulder 0 to 90 degrees PID
10426,179.91,0,Shoulder 0 to 90 degrees PID
10436,180.0,0,Shoulder 0 to 90 degrees PID
10447,179.91,-1,Shoulder 0 to 90 degrees PID
10461,179.91,0,Shoulder 0 to 90 degrees PID
10471,179.91,0,Shoulder 0 to 90 degrees PID
10482,180.0,0,Shoulder 0 to 90 degrees PID
10492,179.91,0,Shoulder 0 to 90 degrees PID
10502,180.0,0,Shoulder 0 to 90 degrees PID
10512,179.91,-1,Shoulder 0 to 90 degrees PID
10523,179.91,0,Shoulder 0 to 90 degrees PID
10533,180.0,0,Shoulder 0 to 90 degrees PID
10544,180.0,-1,Shoulder 0 to 90 degrees PID
10554,180.0,-1,Shoulder 0 to 90 degrees PID
10565,180.0,0,Shoulder 0 to 90 degrees PID
10575,180.0,-1,Shoulder 0 to 90 degrees PID
10585,180.0,-1,Shoulder 0 to 90 degrees PID
10596,179.91,0,Shoulder 0 to 90 degrees PID
10607,179.91,0,Shoulder 0 to 90 degrees PID
10617,180.0,0,Shoulder 0 to 90 degrees PID
10628,179.91,0,Shoulder 0 to 90 degrees PID
10638,179.91,0,Shoulder 0 to 90 degrees PID
10648,180.0,0,Shoulder 0 to 90 degrees PID
10659,179.91,-1,Shoulder 0 to 90 degrees PID
10669,180.0,0,Shoulder 0 to 90 degrees PID
10679,179.91,0,Shoulder 0 to 90 degrees PID
10689,180.0,-1,Shoulder 0 to 90 degrees PID
10700,180.0,1,Shoulder 0 to 90 degrees PID
10710,179.91,0,Shoulder 0 to 90 degrees PID
10721,179.91,-1,Shoulder 0 to 90 degrees PID
10731,179.91,0,Shoulder 0 to 90 degrees PID
10741,180.0,0,Shoulder 0 to 90 degrees PID
10752,179.91,0,Shoulder 0 to 90 degrees PID
10762,180.0,0,Shoulder 0 to 90 degrees PID
10772,180.0,-1,Shoulder 0 to 90 degrees PID
10782,180.0,-1,Shoulder 0 to 90 degrees PID
10793,180.0,0,Shoulder 0 to 90 degrees PID
10803,180.0,-1,Shoulder 0 to 90 degrees PID
10813,179.91,0,Shoulder 0 to 90 degrees PID
10823,179.91,-1,Shoulder 0 to 90 degrees PID
10834,180.0,-1,Shoulder 0 to 90 degrees PID
10844,179.91,-1,Shoulder 0 to 90 degrees PID
10855,180.0,-1,Shoulder 0 to 90 degrees PID
10865,180.0,0,Shoulder 0 to 90 degrees PID
10876,180.0,0,Shoulder 0 to 90 degrees PID
10886,179.91,0,Shoulder 0 to 90 degrees PID
10896,180.0,-1,Shoulder 0 to 90 degrees PID
10907,180.0,0,Shoulder 0 to 90 degrees PID
10917,179.91,-1,Shoulder 0 to 90 degrees PID
10928,180.0,0,Shoulder 0 to 90 degrees PID
10938,180.0,0,Shoulder 0 to 90 degrees PID
10948,180.0,0,Shoulder 0 to 90 degrees PID
10959,180.0,0,Shoulder 0 to 90 degrees PID
10969,180.0,-1,Shoulder 0 to 90 degrees PID
10979,180.0,0,Shoulder 0 to 90 degrees PID
10989,180.0,0,Shoulder 0 to 90 degrees PID
10999,180.0,0,Shoulder 0 to 90 degrees PID
11009,180.0,255,Shoulder 90 to 0 degrees PID
11020,180.0,255,Shoulder 90 to 0 degrees PID
11030,179.91,255,Shoulder 90 to 0 degrees PID
11041,179.91,255,Shoulder 90 to 0 degrees PID
11052,179.91,255,Shoulder 90 to 0 degrees PID
11062,179.91,255,Shoulder 90 to 0 degrees PID
11073,179.91,255,Shoulder 90 to 0 degrees PID
11083,179.82,255,Shoulder 90 to 0 degrees PID
11094,179.65,255,Shoulder 90 to 0 degrees PID
11104,179.21,255,Shoulder 90 to 0 degrees PID
11115,178.42,255,Shoulder 90 to 0 degrees PID
11125,178.07,255,Shoulder 90 to 0 degrees PID
11135,177.8,255,Shoulder 90 to 0 degrees PID
11146,177.45,255,Shoulder 90 to 0 degrees PID
11156,176.92,255,Shoulder 90 to 0 degrees PID
11167,176.57,255,Shoulder 90 to 0 degrees PID
11177,175.69,255,Shoulder 90 to 0 degrees PID
11188,175.34,255,Shoulder 90 to 0 degrees PID
11198,174.9,255,Shoulder 90 to 0 degrees PID
11208,174.46,255,Shoulder 90 to 0 degrees PID
11219,174.11,255,Shoulder 90 to 0 degrees PID
11229,173.58,255,Shoulder 90 to 0 degrees PID
11239,172.71,255,Shoulder 90 to 0 degrees PID
11249,172.27,255,Shoulder 90 to 0 degrees PID
11260,171.83,255,Shoulder 90 to 0 degrees PID
11270,171.3,255,Shoulder 90 to 0 degrees PID
11280,170.95,255,Shoulder 90 to 0 degrees PID
11291,170.51,255,Shoulder 90 to 0 degrees PID
11301,169.63,255,Shoulder 90 to 0 degrees PID
11312,169.1,255,Shoulder 90 to 0 degrees PID
11322,168.75,255,Shoulder 90 to 0 degrees PID
11332,168.57,255,Shoulder 90 to 0 degrees PID
11342,168.22,255,Shoulder 90 to 0 degrees PID
11353,167.61,255,Shoulder 90 to 0 degrees PID
11363,167.17,255,Shoulder 90 to 0 degrees PID
11373,166.38,255,Shoulder 90 to 0 degrees PID
11383,165.94,255,Shoulder 90 to 0 degrees PID
11393,165.5,255,Shoulder 90 to 0 degrees PID
11403,165.06,255,Shoulder 90 to 0 degrees PID
11413,164.44,255,Shoulder 90 to 0 degrees PID
11424,164.09,255,Shoulder 90 to 0 degrees PID
11435,163.04,255,Shoulder 90 to 0 degrees PID
11445,162.69,255,Shoulder 90 to 0 degrees PID
11456,162.25,255,Shoulder 90 to 0 degrees PID
11467,161.72,255,Shoulder 90 to 0 degrees PID
11477,161.28,255,Shoulder 90 to 0 degrees PID
11488,160.75,255,Shoulder 90 to 0 degrees PID
11498,159.79,255,Shoulder 90 to 0 degrees PID
11509,159.35,255,Shoulder 90 to 0 degrees PID
11519,158.82,255,Shoulder 90 to 0 degrees PID
11530,158.38,255,Shoulder 90 to 0 degrees PID
11540,158.03,255,Shoulder 90 to 0 degrees PID
11551,157.59,255,Shoulder 90 to 0 degrees PID
11561,156.71,255,Shoulder 90 to 0 degrees PID
11572,156.09,255,Shoulder 90 to 0 degrees PID
11582,155.74,255,Shoulder 90 to 0 degrees PID
11593,155.21,255,Shoulder 90 to 0 degrees PID
11603,154.86,255,Shoulder 90 to 0 degrees PID
11613,154.42,255,Shoulder 90 to 0 degrees PID
11624,153.9,255,Shoulder 90 to 0 degrees PID
11635,152.93,255,Shoulder 90 to 0 degrees PID
11645,152.49,255,Shoulder 90 to 0 degrees PID
11656,152.05,255,Shoulder 90 to 0 degrees PID
11666,151.44,255,Shoulder 90 to 0 degrees PID
11677,151.08,255,Shoulder 90 to 0 degrees PID
11687,150.64,255,Shoulder 90 to 0 degrees PID
11698,149.59,255,Shoulder 90 to 0 degrees PID
11708,149.15,255,Shoulder 90 to 0 degrees PID
11718,148.8,255,Shoulder 90 to 0 degrees PID
11729,148.27,255,Shoulder 90 to 0 degrees PID
11739,147.83,255,Shoulder 90 to 0 degrees PID
11749,147.3,255,Shoulder 90 to 0 degrees PID
11759,146.51,255,Shoulder 90 to 0 degrees PID
11770,146.07,255,Shoulder 90 to 0 degrees PID
11780,145.72,255,Shoulder 90 to 0 degrees PID
11790,145.28,255,Shoulder 90 to 0 degrees PID
11800,144.84,255,Shoulder 90 to 0 degrees PID
11811,144.4,255,Shoulder 90 to 0 degrees PID
11821,143.44,255,Shoulder 90 to 0 degrees PID
11831,143.0,255,Shoulder 90 to 0 degrees PID
11841,142.65,255,Shoulder 90 to 0 degrees PID
11851,142.21,255,Shoulder 90 to 0 degrees PID
11861,141.77,255,Shoulder 90 to 0 degrees PID
11871,141.42,255,Shoulder 90 to 0 degrees PID
11882,140.89,255,Shoulder 90 to 0 degrees PID
11892,140.01,255,Shoulder 90 to 0 degrees PID
11903,139.57,255,Shoulder 90 to 0 degrees PID
11913,139.22,255,Shoulder 90 to 0 degrees PID
11923,138.78,255,Shoulder 90 to 0 degrees PID
11933,138.43,255,Shoulder 90 to 0 degrees PID
11944,137.9,255,Shoulder 90 to 0 degrees PID
11955,137.02,255,Shoulder 90 to 0 degrees PID
11965,136.67,255,Shoulder 90 to 0 degrees PID
11976,136.14,255,Shoulder 90 to 0 degrees PID
11986,135.7,255,Shoulder 90 to 0 degrees PID
11997,135.35,255,Shoulder 90 to 0 degrees PID
12008,134.91,255,Shoulder 90 to 0 degrees PID
12018,134.12,255,Shoulder 90 to 0 degrees PID
12028,133.68,255,Shoulder 90 to 0 degrees PID
12038,133.24,255,Shoulder 90 to 0 degrees PID
12049,132.8,255,Shoulder 90 to 0 degrees PID
12059,132.45,255,Shoulder 90 to 0 degrees PID
12070,132.01,255,Shoulder 90 to 0 degrees PID
12081,131.04,255,Shoulder 90 to 0 degrees PID
12091,130.69,255,Shoulder 90 to 0 degrees PID
12102,130.25,255,Shoulder 90 to 0 degrees PID
12112,129.9,255,Shoulder 90 to 0 degrees PID
12122,129.46,255,Shoulder 90 to 0 degrees PID
12132,129.02,255,Shoulder 90 to 0 degrees PID
12143,128.58,255,Shoulder 90 to 0 degrees PID
12153,127.71,255,Shoulder 90 to 0 degrees PID
12164,127.35,255,Shoulder 90 to 0 degrees PID
12174,126.91,255,Shoulder 90 to 0 degrees PID
12185,126.47,255,Shoulder 90 to 0 degrees PID
12195,126.04,255,Shoulder 90 to 0 degrees PID
12206,125.68,255,Shoulder 90 to 0 degrees PID
12216,124.8,255,Shoulder 90 to 0 degrees PID
12227,124.37,255,Shoulder 90 to 0 degrees PID
12237,123.84,255,Shoulder 90 to 0 degrees PID
12248,123.49,255,Shoulder 90 to 0 degrees PID
12258,123.13,255,Shoulder 90 to 0 degrees PID
12268,122.61,255,Shoulder 90 to 0 degrees PID
12279,121.55,255,Shoulder 90 to 0 degrees PID
12289,121.29,255,Shoulder 90 to 0 degrees PID
12300,120.94,255,Shoulder 90 to 0 degrees PID
12310,120.5,255,Shoulder 90 to 0 degrees PID
12320,120.06,255,Shoulder 90 to 0 degrees PID
12331,119.62,255,Shoulder 90 to 0 degrees PID
12341,118.83,255,Shoulder 90 to 0 degrees PID
12351,118.39,255,Shoulder 90 to 0 degrees PID
12361,117.95,255,Shoulder 90 to 0 degrees PID
12372,117.6,255,Shoulder 90 to 0 degrees PID
12382,117.16,255,Shoulder 90 to 0 degrees PID
12392,116.81,255,Shoulder 90 to 0 degrees PID
12402,116.37,255,Shoulder 90 to 0 degrees PID
12412,115.49,255,Shoulder 90 to 0 degrees PID
12423,115.14,255,Shoulder 90 to 0 degrees PID
12433,114.7,255,Shoulder 90 to 0 degrees PID
12443,114.35,255,Shoulder 90 to 0 degrees PID
12453,113.99,255,Shoulder 90 to 0 degrees PID
12463,113.47,255,Shoulder 90 to 0 degrees PID
12474,112.68,255,Shoulder 90 to 0 degrees PID
12484,112.32,255,Shoulder 90 to 0 degrees PID
12494,111.97,255,Shoulder 90 to 0 degrees PID
12505,111.45,255,Shoulder 90 to 0 degrees PID
12515,111.09,255,Shoulder 90 to 0 degrees PID
12525,110.74,255,Shoulder 90 to 0 degrees PID
12536,109.95,255,Shoulder 90 to 0 degrees PID
12546,109.6,255,Shoulder 90 to 0 degrees PID
12556,109.16,255,Shoulder 90 to 0 degrees PID
12566,108.72,255,Shoulder 90 to 0 degrees PID
12576,108.37,255,Shoulder 90 to 0 degrees PID
12587,107.93,255,Shoulder 90 to 0 degrees PID
12597,107.49,255,Shoulder 90 to 0 degrees PID
12607,106.61,255,Shoulder 90 to 0 degrees PID
12618,106.17,255,Shoulder 90 to 0 degrees PID
12628,105.91,255,Shoulder 90 to 0 degrees PID
12638,105.47,255,Shoulder 90 to 0 degrees PID
12648,105.12,255,Shoulder 90 to 0 degrees PID
12658,104.68,255,Shoulder 90 to 0 degrees PID
12668,103.8,255,Shoulder 90 to 0 degrees PID
12679,103.45,255,Shoulder 90 to 0 degrees PID
12689,103.01,255,Shoulder 90 to 0 degrees PID
12700,102.57,255,Shoulder 90 to 0 degrees PID
12710,102.22,255,Shoulder 90 to 0 degrees PID
12720,101.78,255,Shoulder 90 to 0 degrees PID
12730,100.99,255,Shoulder 90 to 0 degrees PID
12741,100.55,255,Shoulder 90 to 0 degrees PID
12751,100.11,255,Shoulder 90 to 0 degrees PID
12761,99.84,255,Shoulder 90 to 0 degrees PID
12772,99.4,255,Shoulder 90 to 0 degrees PID
12782,98.88,255,Shoulder 90 to 0 degrees PID
12792,98.53,255,Shoulder 90 to 0 degrees PID
12802,98.09,255,Shoulder 90 to 0 degrees PID
12812,97.29,255,Shoulder 90 to 0 degrees PID
12823,96.86,255,Shoulder 90 to 0 degrees PID
12833,96.42,255,Shoulder 90 to 0 degrees PID
12844,95.89,255,Shoulder 90 to 0 degrees PID
12854,95.54,255,Shoulder 90 to 0 degrees PID
12865,95.27,255,Shoulder 90 to 0 degrees PID
12876,94.92,255,Shoulder 90 to 0 degrees PID
12886,94.39,255,Shoulder 90 to 0 degrees PID
12897,93.43,255,Shoulder 90 to 0 degrees PID
12907,93.08,255,Shoulder 90 to 0 degrees PID
12918,92.64,255,Shoulder 90 to 0 degrees PID
12928,92.2,255,Shoulder 90 to 0 degrees PID
12939,91.67,255,Shoulder 90 to 0 degrees PID
12949,91.23,255,Shoulder 90 to 0 degrees PID
12959,90.88,255,Shoulder 90 to 0 degrees PID
12969,90.53,255,Shoulder 90 to 0 degrees PID
12980,89.56,255,Shoulder 90 to 0 degrees PID
12990,89.21,255,Shoulder 90 to 0 degrees PID
13000,88.77,255,Shoulder 90 to 0 degrees PID
13010,88.42,255,Shoulder 90 to 0 degrees PID
13020,88.07,255,Shoulder 90 to 0 degrees PID
13030,87.63,255,Shoulder 90 to 0 degrees PID
13040,87.19,255,Shoulder 90 to 0 degrees PID
13051,86.66,255,Shoulder 90 to 0 degrees PID
13061,86.04,255,Shoulder 90 to 0 degrees PID
13072,85.52,255,Shoulder 90 to 0 degrees PID
13082,85.17,255,Shoulder 90 to 0 degrees PID
13092,84.55,255,Shoulder 90 to 0 degrees PID
13102,84.2,255,Shoulder 90 to 0 degrees PID
13113,83.85,255,Shoulder 90 to 0 degrees PID
13123,83.41,255,Shoulder 90 to 0 degrees PID
13133,82.88,255,Shoulder 90 to 0 degrees PID
13144,82.09,255,Shoulder 90 to 0 degrees PID
13154,81.83,255,Shoulder 90 to 0 degrees PID
13164,81.39,255,Shoulder 90 to 0 degrees PID
13174,80.86,255,Shoulder 90 to 0 degrees PID
13185,80.42,255,Shoulder 90 to 0 degrees PID
13195,79.98,255,Shoulder 90 to 0 degrees PID
13206,79.54,255,Shoulder 90 to 0 degrees PID
13217,79.1,255,Shoulder 90 to 0 degrees PID
13227,78.05,255,Shoulder 90 to 0 degrees PID
13238,77.7,255,Shoulder 90 to 0 degrees PID
13248,77.34,255,Shoulder 90 to 0 degrees PID
13259,76.9,255,Shoulder 90 to 0 degrees PID
13270,76.38,255,Shoulder 90 to 0 degrees PID
13280,75.94,255,Shoulder 90 to 0 degrees PID
13291,75.59,255,Shoulder 90 to 0 degrees PID
13301,75.15,255,Shoulder 90 to 0 degrees PID
13312,74.27,255,Shoulder 90 to 0 degrees PID
13322,73.83,255,Shoulder 90 to 0 degrees PID
13333,73.39,255,Shoulder 90 to 0 degrees PID
13343,73.04,255,Shoulder 90 to 0 degrees PID
13353,72.69,255,Shoulder 90 to 0 degrees PID
13363,72.25,255,Shoulder 90 to 0 degrees PID
13373,71.63,255,Shoulder 90 to 0 degrees PID
13383,71.28,255,Shoulder 90 to 0 degrees PID
13393,70.93,255,Shoulder 90 to 0 degrees PID
13404,70.14,255,Shoulder 90 to 0 degrees PID
13414,69.52,255,Shoulder 90 to 0 degrees PID
13424,69.26,255,Shoulder 90 to 0 degrees PID
13434,68.82,255,Shoulder 90 to 0 degrees PID
13445,68.29,255,Shoulder 90 to 0 degrees PID
13455,67.94,255,Shoulder 90 to 0 degrees PID
13465,67.5,255,Shoulder 90 to 0 degrees PID
13475,67.15,255,Shoulder 90 to 0 degrees PID
13485,66.27,255,Shoulder 90 to 0 degrees PID
13495,65.83,255,Shoulder 90 to 0 degrees PID
13505,65.48,255,Shoulder 90 to 0 degrees PID
13515,65.13,255,Shoulder 90 to 0 degrees PID
13525,64.6,255,Shoulder 90 to 0 degrees PID
13536,64.25,255,Shoulder 90 to 0 degrees PID
13546,63.81,255,Shoulder 90 to 0 degrees PID
13556,63.37,255,Shoulder 90 to 0 degrees PID
13566,62.49,255,Shoulder 90 to 0 degrees PID
13576,61.96,255,Shoulder 90 to 0 degrees PID
13587,61.61,255,Shoulder 90 to 0 degrees PID
13597,61.17,255,Shoulder 90 to 0 degrees PID
13608,60.82,255,Shoulder 90 to 0 degrees PID
13618,60.38,255,Shoulder 90 to 0 degrees PID
13629,59.85,255,Shoulder 90 to 0 degrees PID
13639,59.41,255,Shoulder 90 to 0 degrees PID
13650,59.06,255,Shoulder 90 to 0 degrees PID
13660,58.18,255,Shoulder 90 to 0 degrees PID
13671,57.57,255,Shoulder 90 to 0 degrees PID
13682,57.22,255,Shoulder 90 to 0 degrees PID
13692,56.87,255,Shoulder 90 to 0 degrees PID
13703,56.34,255,Shoulder 90 to 0 degrees PID
13713,56.07,255,Shoulder 90 to 0 degrees PID
13723,55.63,255,Shoulder 90 to 0 degrees PID
13734,55.02,255,Shoulder 90 to 0 degrees PID
13744,54.05,255,Shoulder 90 to 0 degrees PID
13754,53.61,255,Shoulder 90 to 0 degrees PID
13764,53.26,255,Shoulder 90 to 0 degrees PID
13774,53.0,255,Shoulder 90 to 0 degrees PID
13784,52.56,255,Shoulder 90 to 0 degrees PID
13794,52.03,255,Shoulder 90 to 0 degrees PID
13804,51.68,255,Shoulder 90 to 0 degrees PID
13814,51.33,255,Shoulder 90 to 0 degrees PID
13825,50.45,255,Shoulder 90 to 0 degrees PID
13835,50.01,255,Shoulder 90 to 0 degrees PID
13845,49.57,255,Shoulder 90 to 0 degrees PID
13856,49.13,255,Shoulder 90 to 0 degrees PID
13866,48.87,255,Shoulder 90 to 0 degrees PID
13876,48.52,255,Shoulder 90 to 0 degrees PID
13886,47.99,255,Shoulder 90 to 0 degrees PID
13897,47.55,255,Shoulder 90 to 0 degrees PID
13907,46.76,255,Shoulder 90 to 0 degrees PID
13917,46.23,255,Shoulder 90 to 0 degrees PID
13928,45.97,255,Shoulder 90 to 0 degrees PID
13938,45.44,255,Shoulder 90 to 0 degrees PID
13949,45.09,255,Shoulder 90 to 0 degrees PID
13959,44.56,255,Shoulder 90 to 0 degrees PID
13969,44.21,255,Shoulder 90 to 0 degrees PID
13980,43.95,255,Shoulder 90 to 0 degrees PID
13990,43.51,255,Shoulder 90 to 0 degrees PID
14000,42.45,255,Shoulder 90 to 0 degrees PID
14010,42.1,255,Shoulder 90 to 0 degrees PID
14021,41.75,255,Shoulder 90 to 0 degrees PID
14031,41.31,255,Shoulder 90 to 0 degrees PID
14041,40.87,255,Shoulder 90 to 0 degrees PID
14051,40.52,255,Shoulder 90 to 0 degrees PID
14062,39.99,255,Shoulder 90 to 0 degrees PID
14072,39.55,255,Shoulder 90 to 0 degrees PID
14082,38.67,255,Shoulder 90 to 0 degrees PID
14093,38.23,255,Shoulder 90 to 0 degrees PID
14103,37.79,255,Shoulder 90 to 0 degrees PID
14113,37.44,255,Shoulder 90 to 0 degrees PID
14123,36.91,255,Shoulder 90 to 0 degrees PID
14133,36.56,255,Shoulder 90 to 0 degrees PID
14144,36.3,255,Shoulder 90 to 0 degrees PID
14154,35.77,255,Shoulder 90 to 0 degrees PID
14164,34.89,255,Shoulder 90 to 0 degrees PID
14174,34.54,255,Shoulder 90 to 0 degrees PID
14184,34.01,255,Shoulder 90 to 0 degrees PID
14194,33.57,255,Shoulder 90 to 0 degrees PID
14205,33.13,255,Shoulder 90 to 0 degrees PID
14215,32.7,255,Shoulder 90 to 0 degrees PID
14225,32.26,255,Shoulder 90 to 0 degrees PID
14235,31.73,255,Shoulder 90 to 0 degrees PID
14246,30.94,255,Shoulder 90 to 0 degrees PID
14256,30.5,255,Shoulder 90 to 0 degrees PID
14267,30.06,255,Shoulder 90 to 0 degrees PID
14277,29.62,255,Shoulder 90 to 0 degrees PID
14288,29.27,255,Shoulder 90 to 0 degrees PID
14298,28.83,255,Shoulder 90 to 0 degrees PID
14309,28.39,255,Shoulder 90 to 0 degrees PID
14320,27.86,255,Shoulder 90 to 0 degrees PID
14330,27.07,255,Shoulder 90 to 0 degrees PID
14341,26.63,255,Shoulder 90 to 0 degrees PID
14351,26.1,255,Shoulder 90 to 0 degrees PID
14362,25.66,255,Shoulder 90 to 0 degrees PID
14372,25.31,255,Shoulder 90 to 0 degrees PID
14382,24.87,255,Shoulder 90 to 0 degrees PID
14392,24.52,255,Shoulder 90 to 0 degrees PID
14403,23.99,255,Shoulder 90 to 0 degrees PID
14413,23.64,255,Shoulder 90 to 0 degrees PID
14424,22.76,255,Shoulder 90 to 0 degrees PID
14434,22.32,255,Shoulder 90 to 0 degrees PID
14445,21.88,255,Shoulder 90 to 0 degrees PID
14455,21.53,255,Shoulder 90 to 0 degrees PID
14466,21.18,255,Shoulder 90 to 0 degrees PID
14476,20.65,255,Shoulder 90 to 0 degrees PID
14486,20.21,255,Shoulder 90 to 0 degrees PID
14496,19.86,255,Shoulder 90 to 0 degrees PID
14506,18.98,255,Shoulder 90 to 0 degrees PID
14517,18.46,255,Shoulder 90 to 0 degrees PID
14527,18.11,255,Shoulder 90 to 0 degrees PID
14537,17.67,255,Shoulder 90 to 0 degrees PID
14547,17.14,255,Shoulder 90 to 0 degrees PID
14558,16.87,255,Shoulder 90 to 0 degrees PID
14568,16.44,255,Shoulder 90 to 0 degrees PID
14579,16.08,255,Shoulder 90 to 0 degrees PID
14589,15.12,255,Shoulder 90 to 0 degrees PID
14599,14.77,255,Shoulder 90 to 0 degrees PID
14609,14.41,253,Shoulder 90 to 0 degrees PID
14619,13.97,247,Shoulder 90 to 0 degrees PID
14629,13.54,241,Shoulder 90 to 0 degrees PID
14640,13.01,232,Shoulder 90 to 0 degrees PID
14650,12.66,224,Shoulder 90 to 0 degrees PID
14660,12.3,216,Shoulder 90 to 0 degrees PID
14671,11.51,210,Shoulder 90 to 0 degrees PID
14681,11.07,196,Shoulder 90 to 0 degrees PID
14692,10.72,187,Shoulder 90 to 0 degrees PID
14702,10.2,179,Shoulder 90 to 0 degrees PID
14712,9.76,173,Shoulder 90 to 0 degrees PID
14723,9.4,167,Shoulder 90 to 0 degrees PID
14733,9.14,161,Shoulder 90 to 0 degrees PID
14743,8.7,152,Shoulder 90 to 0 degrees PID
14754,8.26,144,Shoulder 90 to 0 degrees PID
14764,7.91,138,Shoulder 90 to 0 degrees PID
14774,7.65,138,Shoulder 90 to 0 degrees PID
14784,6.94,133,Shoulder 90 to 0 degrees PID
14795,6.59,121,Shoulder 90 to 0 degrees PID
14805,6.24,115,Shoulder 90 to 0 degrees PID
14815,5.89,109,Shoulder 90 to 0 degrees PID
14825,5.54,101,Shoulder 90 to 0 degrees PID
14836,5.27,96,Shoulder 90 to 0 degrees PID
14846,4.92,90,Shoulder 90 to 0 degrees PID
14856,4.66,84,Shoulder 90 to 0 degrees PID
14867,4.31,78,Shoulder 90 to 0 degrees PID
14877,4.04,73,Shoulder 90 to 0 degrees PID
14887,3.87,69,Shoulder 90 to 0 degrees PID
14897,3.43,66,Shoulder 90 to 0 degrees PID
14907,3.25,60,Shoulder 90 to 0 degrees PID
14917,2.99,53,Shoulder 90 to 0 degrees PID
14928,2.72,50,Shoulder 90 to 0 degrees PID
14938,2.55,46,Shoulder 90 to 0 degrees PID
14948,2.37,43,Shoulder 90 to 0 degrees PID
14959,2.2,38,Shoulder 90 to 0 degrees PID
14969,1.93,35,Shoulder 90 to 0 degrees PID
14979,1.85,32,Shoulder 90 to 0 degrees PID
14989,1.67,30,Shoulder 90 to 0 degrees PID
15000,1.49,27,Shoulder 90 to 0 degrees PID
15010,1.32,26,Shoulder 90 to 0 degrees PID
15020,1.05,21,Shoulder 90 to 0 degrees PID
15030,1.05,19,Shoulder 90 to 0 degrees PID
15040,0.97,16,Shoulder 90 to 0 degrees PID
15051,0.88,13,Shoulder 90 to 0 degrees PID
15062,0.7,12,Shoulder 90 to 0 degrees PID
15072,0.62,12,Shoulder 90 to 0 degrees PID
15083,0.62,10,Shoulder 90 to 0 degrees PID
15093,0.62,9,Shoulder 90 to 0 degrees PID
15104,0.53,9,Shoulder 90 to 0 degrees PID
15114,0.44,7,Shoulder 90 to 0 degrees PID
15125,0.44,7,Shoulder 90 to 0 degrees PID
15135,0.44,7,Shoulder 90 to 0 degrees PID
15145,0.35,6,Shoulder 90 to 0 degrees PID
15156,0.35,6,Shoulder 90 to 0 degrees PID
15166,0.35,6,Shoulder 90 to 0 degrees PID
15177,0.35,6,Shoulder 90 to 0 degrees PID
15187,0.35,6,Shoulder 90 to 0 degrees PID
15198,0.35,6,Shoulder 90 to 0 degrees PID
15208,0.35,4,Shoulder 90 to 0 degrees PID
15219,0.26,4,Shoulder 90 to 0 degrees PID
15229,0.35,6,Shoulder 90 to 0 degrees PID
15240,0.26,6,Shoulder 90 to 0 degrees PID
15250,0.26,4,Shoulder 90 to 0 degrees PID
15261,0.35,6,Shoulder 90 to 0 degrees PID
15271,0.35,6,Shoulder 90 to 0 degrees PID
15282,0.35,6,Shoulder 90 to 0 degrees PID
15292,0.35,6,Shoulder 90 to 0 degrees PID
15303,0.35,6,Shoulder 90 to 0 degrees PID
15313,0.35,4,Shoulder 90 to 0 degrees PID
15324,0.35,6,Shoulder 90 to 0 degrees PID
15334,0.26,4,Shoulder 90 to 0 degrees PID
15345,0.35,6,Shoulder 90 to 0 degrees PID
15356,0.35,6,Shoulder 90 to 0 degrees PID
15366,0.35,6,Shoulder 90 to 0 degrees PID
15377,0.26,4,Shoulder 90 to 0 degrees PID
15387,0.35,6,Shoulder 90 to 0 degrees PID
15398,0.35,6,Shoulder 90 to 0 degrees PID
15408,0.35,6,Shoulder 90 to 0 degrees PID
15419,0.26,4,Shoulder 90 to 0 degrees PID
15429,0.35,6,Shoulder 90 to 0 degrees PID
15440,0.35,6,Shoulder 90 to 0 degrees PID
15450,0.26,4,Shoulder 90 to 0 degrees PID
15461,0.35,6,Shoulder 90 to 0 degrees PID
15471,0.26,4,Shoulder 90 to 0 degrees PID
15482,0.26,6,Shoulder 90 to 0 degrees PID
15492,0.35,6,Shoulder 90 to 0 degrees PID
15503,0.35,6,Shoulder 90 to 0 degrees PID
15513,0.26,4,Shoulder 90 to 0 degrees PID
15524,0.35,6,Shoulder 90 to 0 degrees PID
15534,0.35,6,Shoulder 90 to 0 degrees PID
15545,0.35,6,Shoulder 90 to 0 degrees PID
15555,0.35,6,Shoulder 90 to 0 degrees PID
15566,0.26,6,Shoulder 90 to 0 degrees PID
15576,0.35,6,Shoulder 90 to 0 degrees PID
15587,0.35,6,Shoulder 90 to 0 degrees PID
15597,0.35,4,Shoulder 90 to 0 degrees PID
15608,0.35,6,Shoulder 90 to 0 degrees PID
15618,0.35,6,Shoulder 90 to 0 degrees PID
15629,0.35,6,Shoulder 90 to 0 degrees PID
15639,0.35,6,Shoulder 90 to 0 degrees PID
15650,0.26,4,Shoulder 90 to 0 degrees PID
15660,0.35,6,Shoulder 90 to 0 degrees PID
15671,0.35,6,Shoulder 90 to 0 degrees PID
15681,0.35,6,Shoulder 90 to 0 degrees PID
15691,0.35,6,Shoulder 90 to 0 degrees PID
15702,0.35,6,Shoulder 90 to 0 degrees PID
15712,0.35,6,Shoulder 90 to 0 degrees PID
15722,0.35,6,Shoulder 90 to 0 degrees PID
15732,0.35,6,Shoulder 90 to 0 degrees PID
15742,0.35,6,Shoulder 90 to 0 degrees PID
15753,0.26,6,Shoulder 90 to 0 degrees PID
15763,0.35,4,Shoulder 90 to 0 degrees PID
15773,0.35,6,Shoulder 90 to 0 degrees PID
15783,0.35,6,Shoulder 90 to 0 degrees PID
15793,0.26,6,Shoulder 90 to 0 degrees PID
15804,0.35,6,Shoulder 90 to 0 degrees PID
15814,0.35,6,Shoulder 90 to 0 degrees PID
15824,0.35,6,Shoulder 90 to 0 degrees PID
15834,0.26,4,Shoulder 90 to 0 degrees PID
15844,0.35,4,Shoulder 90 to 0 degrees PID
15854,0.26,6,Shoulder 90 to 0 degrees PID
15865,0.26,6,Shoulder 90 to 0 degrees PID
15875,0.35,6,Shoulder 90 to 0 degrees PID
15885,0.35,6,Shoulder 90 to 0 degrees PID
15895,0.26,4,Shoulder 90 to 0 degrees PID
15905,0.35,6,Shoulder 90 to 0 degrees PID
15916,0.26,4,Shoulder 90 to 0 degrees PID
15926,0.35,6,Shoulder 90 to 0 degrees PID
15937,0.35,4,Shoulder 90 to 0 degrees PID
15947,0.35,6,Shoulder 90 to 0 degrees PID
15958,0.26,4,Shoulder 90 to 0 degrees PID
15968,0.35,6,Shoulder 90 to 0 degrees PID
15979,0.35,6,Shoulder 90 to 0 degrees PID
15989,0.35,6,Shoulder 90 to 0 degrees PID
16000,0.35,6,Shoulder 90 to 0 degrees PID
16010,0.35,6,Shoulder 90 to 0 degrees PID
16021,0.26,4,Shoulder 90 to 0 degrees PID
16031,0.35,6,Shoulder 90 to 0 degrees PID
16042,0.35,6,Shoulder 90 to 0 degrees PID
16052,0.26,4,Shoulder 90 to 0 degrees PID
16063,0.26,4,Shoulder 90 to 0 degrees PID
16073,0.35,4,Shoulder 90 to 0 degrees PID
16084,0.35,6,Shoulder 90 to 0 degrees PID
16094,0.26,6,Shoulder 90 to 0 degrees PID
16105,0.35,4,Shoulder 90 to 0 degrees PID
16115,0.35,6,Shoulder 90 to 0 degrees PID
16126,0.35,6,Shoulder 90 to 0 degrees PID
16136,0.35,6,Shoulder 90 to 0 degrees PID
16147,0.35,4,Shoulder 90 to 0 degrees PID
16157,0.35,6,Shoulder 90 to 0 degrees PID
16168,0.35,6,Shoulder 90 to 0 degrees PID
16178,0.26,6,Shoulder 90 to 0 degrees PID
16189,0.35,6,Shoulder 90 to 0 degrees PID
16199,0.26,6,Shoulder 90 to 0 degrees PID
16210,0.35,4,Shoulder 90 to 0 degrees PID
16220,0.35,6,Shoulder 90 to 0 degrees PID
16231,0.26,6,Shoulder 90 to 0 degrees PID
16242,0.35,4,Shoulder 90 to 0 degrees PID
16252,0.26,6,Shoulder 90 to 0 degrees PID
16263,0.35,6,Shoulder 90 to 0 degrees PID
16273,0.35,6,Shoulder 90 to 0 degrees PID
16284,0.35,6,Shoulder 90 to 0 degrees PID
16294,0.26,6,Shoulder 90 to 0 degrees PID
16305,0.35,6,Shoulder 90 to 0 degrees PID
16315,0.35,6,Shoulder 90 to 0 degrees PID
16326,0.35,6,Shoulder 90 to 0 degrees PID
16336,0.35,6,Shoulder 90 to 0 degrees PID
16347,0.26,6,Shoulder 90 to 0 degrees PID
16357,0.26,4,Shoulder 90 to 0 degrees PID
16368,0.26,4,Shoulder 90 to 0 degrees PID
16378,0.26,4,Shoulder 90 to 0 degrees PID
16389,0.35,4,Shoulder 90 to 0 degrees PID
16399,0.35,6,Shoulder 90 to 0 degrees PID
16410,0.35,6,Shoulder 90 to 0 degrees PID
16420,0.35,6,Shoulder 90 to 0 degrees PID
16430,0.35,6,Shoulder 90 to 0 degrees PID
16440,0.35,6,Shoulder 90 to 0 degrees PID
16450,0.26,4,Shoulder 90 to 0 degrees PID
16460,0.26,6,Shoulder 90 to 0 degrees PID
16471,0.35,6,Shoulder 90 to 0 degrees PID
16481,0.35,6,Shoulder 90 to 0 degrees PID
16491,0.35,6,Shoulder 90 to 0 degrees PID
16501,0.35,6,Shoulder 90 to 0 degrees PID
16512,0.26,6,Shoulder 90 to 0 degrees PID
16522,0.35,6,Shoulder 90 to 0 degrees PID
16532,0.35,6,Shoulder 90 to 0 degrees PID
16542,0.26,6,Shoulder 90 to 0 degrees PID
16552,0.35,6,Shoulder 90 to 0 degrees PID
16562,0.26,6,Shoulder 90 to 0 degrees PID
16573,0.35,4,Shoulder 90 to 0 degrees PID
16583,0.35,4,Shoulder 90 to 0 degrees PID
16594,0.26,6,Shoulder 90 to 0 degrees PID
16604,0.35,4,Shoulder 90 to 0 degrees PID
16614,0.35,6,Shoulder 90 to 0 degrees PID
16624,0.35,6,Shoulder 90 to 0 degrees PID
16635,0.35,6,Shoulder 90 to 0 degrees PID
16645,0.35,6,Shoulder 90 to 0 degrees PID
16656,0.26,4,Shoulder 90 to 0 degrees PID
16666,0.35,6,Shoulder 90 to 0 degrees PID
16676,0.26,6,Shoulder 90 to 0 degrees PID
16686,0.35,4,Shoulder 90 to 0 degrees PID
16697,0.26,6,Shoulder 90 to 0 degrees PID
16707,0.35,4,Shoulder 90 to 0 degrees PID
16717,0.35,6,Shoulder 90 to 0 degrees PID
16728,0.35,6,Shoulder 90 to 0 degrees PID
16738,0.26,6,Shoulder 90 to 0 degrees PID
16749,0.35,6,Shoulder 90 to 0 degrees PID
16759,0.35,4,Shoulder 90 to 0 degrees PID
16769,0.35,6,Shoulder 90 to 0 degrees PID
16779,0.35,6,Shoulder 90 to 0 degrees PID
16790,0.35,6,Shoulder 90 to 0 degrees PID
16800,0.26,6,Shoulder 90 to 0 degrees PID
16810,0.35,6,Shoulder 90 to 0 degrees PID
16820,0.26,6,Shoulder 90 to 0 degrees PID
16830,0.35,6,Shoulder 90 to 0 degrees PID
16841,0.26,6,Shoulder 90 to 0 degrees PID
16851,0.35,6,Shoulder 90 to 0 degrees PID
16862,0.26,6,Shoulder 90 to 0 degrees PID
16872,0.35,6,Shoulder 90 to 0 degrees PID
16882,0.26,6,Shoulder 90 to 0 degrees PID
16892,0.35,4,Shoulder 90 to 0 degrees PID
16902,0.26,6,Shoulder 90 to 0 degrees PID
16912,0.35,6,Shoulder 90 to 0 degrees PID
16923,0.26,6,Shoulder 90 to 0 degrees PID
16933,0.35,6,Shoulder 90 to 0 degrees PID
16943,0.26,4,Shoulder 90 to 0 degrees PID
16954,0.26,4,Shoulder 90 to 0 degrees PID
16964,0.26,6,Shoulder 90 to 0 degrees PID
16974,0.26,4,Shoulder 90 to 0 degrees PID
16985,0.26,4,Shoulder 90 to 0 degrees PID
16995,0.35,6,Shoulder 90 to 0 degrees PID
17006,0.35,6,Shoulder 90 to 0 degrees PID
17016,0.35,6,Shoulder 90 to 0 degrees PID
17026,0.35,6,Shoulder 90 to 0 degrees PID
17036,0.26,6,Shoulder 90 to 0 degrees PID
17047,0.26,6,Shoulder 90 to 0 degrees PID
17057,0.35,6,Shoulder 90 to 0 degrees PID
17067,0.35,6,Shoulder 90 to 0 degrees PID
17078,0.35,6,Shoulder 90 to 0 degrees PID
17088,0.26,6,Shoulder 90 to 0 degrees PID
17098,0.35,4,Shoulder 90 to 0 degrees PID
17108,0.35,6,Shoulder 90 to 0 degrees PID
17119,0.35,6,Shoulder 90 to 0 degrees PID
17129,0.26,6,Shoulder 90 to 0 degrees PID
17139,0.35,4,Shoulder 90 to 0 degrees PID
17149,0.26,6,Shoulder 90 to 0 degrees PID
17159,0.26,6,Shoulder 90 to 0 degrees PID
17170,0.26,6,Shoulder 90 to 0 degrees PID
17180,0.35,6,Shoulder 90 to 0 degrees PID
17191,0.35,6,Shoulder 90 to 0 degrees PID
17201,0.35,6,Shoulder 90 to 0 degrees PID
17211,0.35,6,Shoulder 90 to 0 degrees PID
17221,0.26,6,Shoulder 90 to 0 degrees PID
17232,0.35,4,Shoulder 90 to 0 degrees PID
17242,0.35,6,Shoulder 90 to 0 degrees PID
17252,0.35,6,Shoulder 90 to 0 degrees PID
17263,0.35,4,Shoulder 90 to 0 degrees PID
17274,0.35,6,Shoulder 90 to 0 degrees PID
17284,0.26,6,Shoulder 90 to 0 degrees PID
17295,0.35,4,Shoulder 90 to 0 degrees PID
17305,0.35,6,Shoulder 90 to 0 degrees PID
17316,0.35,6,Shoulder 90 to 0 degrees PID
17326,0.26,6,Shoulder 90 to 0 degrees PID
17337,0.35,6,Shoulder 90 to 0 degrees PID
17347,0.35,6,Shoulder 90 to 0 degrees PID
17358,0.26,4,Shoulder 90 to 0 degrees PID
17368,0.35,6,Shoulder 90 to 0 degrees PID
17379,0.35,6,Shoulder 90 to 0 degrees PID
17389,0.35,6,Shoulder 90 to 0 degrees PID
17400,0.26,4,Shoulder 90 to 0 degrees PID
17410,0.35,4,Shoulder 90 to 0 degrees PID
17420,0.26,6,Shoulder 90 to 0 degrees PID
17431,0.35,6,Shoulder 90 to 0 degrees PID
17441,0.35,6,Shoulder 90 to 0 degrees PID
17452,0.35,6,Shoulder 90 to 0 degrees PID
17462,0.26,6,Shoulder 90 to 0 degrees PID
17473,0.35,4,Shoulder 90 to 0 degrees PID
17483,0.35,6,Shoulder 90 to 0 degrees PID
17494,0.35,6,Shoulder 90 to 0 degrees PID
17504,0.35,4,Shoulder 90 to 0 degrees PID
17515,0.26,6,Shoulder 90 to 0 degrees PID
17525,0.26,4,Shoulder 90 to 0 degrees PID
17536,0.35,4,Shoulder 90 to 0 degrees PID
17546,0.35,6,Shoulder 90 to 0 degrees PID
17557,0.35,6,Shoulder 90 to 0 degrees PID
17567,0.26,6,Shoulder 90 to 0 degrees PID
17577,0.35,4,Shoulder 90 to 0 degrees PID
17587,0.35,4,Shoulder 90 to 0 degrees PID
17597,0.35,4,Shoulder 90 to 0 degrees PID
17607,0.35,4,Shoulder 90 to 0 degrees PID
17617,0.26,6,Shoulder 90 to 0 degrees PID
17628,0.35,4,Shoulder 90 to 0 degrees PID
17638,0.35,4,Shoulder 90 to 0 degrees PID
17649,0.35,6,Shoulder 90 to 0 degrees PID
17659,0.35,4,Shoulder 90 to 0 degrees PID
17669,0.35,6,Shoulder 90 to 0 degrees PID
17680,0.35,6,Shoulder 90 to 0 degrees PID
17690,0.35,6,Shoulder 90 to 0 degrees PID
17700,0.26,4,Shoulder 90 to 0 degrees PID
17710,0.26,6,Shoulder 90 to 0 degrees PID
17721,0.26,4,Shoulder 90 to 0 degrees PID
17731,0.35,6,Shoulder 90 to 0 degrees PID
17741,0.35,6,Shoulder 90 to 0 degrees PID
17751,0.35,6,Shoulder 90 to 0 degrees PID
17761,0.35,6,Shoulder 90 to 0 degrees PID
17771,0.26,6,Shoulder 90 to 0 degrees PID
17782,0.26,6,Shoulder 90 to 0 degrees PID
17792,0.35,6,Shoulder 90 to 0 degrees PID
17802,0.35,6,Shoulder 90 to 0 degrees PID
17813,0.35,6,Shoulder 90 to 0 degrees PID
17823,0.35,6,Shoulder 90 to 0 degrees PID
17833,0.35,6,Shoulder 90 to 0 degrees PID
17844,0.35,6,Shoulder 90 to 0 degrees PID
17854,0.26,4,Shoulder 90 to 0 degrees PID
17865,0.35,6,Shoulder 90 to 0 degrees PID
17875,0.35,6,Shoulder 90 to 0 degrees PID
17886,0.26,6,Shoulder 90 to 0 degrees PID
17896,0.35,6,Shoulder 90 to 0 degrees PID
17907,0.35,6,Shoulder 90 to 0 degrees PID
17917,0.26,4,Shoulder 90 to 0 degrees PID
17927,0.35,4,Shoulder 90 to 0 degrees PID
17937,0.35,6,Shoulder 90 to 0 degrees PID
17948,0.26,6,Shoulder 90 to 0 degrees PID
17958,0.35,4,Shoulder 90 to 0 degrees PID
17969,0.26,6,Shoulder 90 to 0 degrees PID
17979,0.35,4,Shoulder 90 to 0 degrees PID
17990,0.26,4,Shoulder 90 to 0 degrees PID
18000,0.26,4,Shoulder 90 to 0 degrees PID
18011,0.35,4,Shoulder 90 to 0 degrees PID
18022,0.35,4,Shoulder 90 to 0 degrees PID
18032,0.26,6,Shoulder 90 to 0 degrees PID
18043,0.35,4,Shoulder 90 to 0 degrees PID
18053,0.26,6,Shoulder 90 to 0 degrees PID
18064,0.35,4,Shoulder 90 to 0 degrees PID
18074,0.35,6,Shoulder 90 to 0 degrees PID
18085,0.26,6,Shoulder 90 to 0 degrees PID
18095,0.26,4,Shoulder 90 to 0 degrees PID
18106,0.35,6,Shoulder 90 to 0 degrees PID
18116,0.35,6,Shoulder 90 to 0 degrees PID
18126,0.35,6,Shoulder 90 to 0 degrees PID
18137,0.35,6,Shoulder 90 to 0 degrees PID
18147,0.35,6,Shoulder 90 to 0 degrees PID
18158,0.26,6,Shoulder 90 to 0 degrees PID
18168,0.35,6,Shoulder 90 to 0 degrees PID
18178,0.35,6,Shoulder 90 to 0 degrees PID
18189,0.35,4,Shoulder 90 to 0 degrees PID
18199,0.26,6,Shoulder 90 to 0 degrees PID
18209,0.35,4,Shoulder 90 to 0 degrees PID
18220,0.35,6,Shoulder 90 to 0 degrees PID
18230,0.35,6,Shoulder 90 to 0 degrees PID
18240,0.26,6,Shoulder 90 to 0 degrees PID
18250,0.26,6,Shoulder 90 to 0 degrees PID
18261,0.35,6,Shoulder 90 to 0 degrees PID
18271,0.35,4,Shoulder 90 to 0 degrees PID
18281,0.35,6,Shoulder 90 to 0 degrees PID
18291,0.35,6,Shoulder 90 to 0 degrees PID
18302,0.35,6,Shoulder 90 to 0 degrees PID
18312,0.35,6,Shoulder 90 to 0 degrees PID
18323,0.35,6,Shoulder 90 to 0 degrees PID
18333,0.35,4,Shoulder 90 to 0 degrees PID
18343,0.35,6,Shoulder 90 to 0 degrees PID
18353,0.35,6,Shoulder 90 to 0 degrees PID
18364,0.35,6,Shoulder 90 to 0 degrees PID
18374,0.26,4,Shoulder 90 to 0 degrees PID
18385,0.26,6,Shoulder 90 to 0 degrees PID
18396,0.35,6,Shoulder 90 to 0 degrees PID
18406,0.35,6,Shoulder 90 to 0 degrees PID
18416,0.26,6,Shoulder 90 to 0 degrees PID
18427,0.26,6,Shoulder 90 to 0 degrees PID
18437,0.35,6,Shoulder 90 to 0 degrees PID
18448,0.35,6,Shoulder 90 to 0 degrees PID
18458,0.35,6,Shoulder 90 to 0 degrees PID
18468,0.26,6,Shoulder 90 to 0 degrees PID
18478,0.35,4,Shoulder 90 to 0 degrees PID
18488,0.35,4,Shoulder 90 to 0 degrees PID
18499,0.35,6,Shoulder 90 to 0 degrees PID
18509,0.35,6,Shoulder 90 to 0 degrees PID
18519,0.35,6,Shoulder 90 to 0 degrees PID
18529,0.26,4,Shoulder 90 to 0 degrees PID
18539,0.35,4,Shoulder 90 to 0 degrees PID
18549,0.35,4,Shoulder 90 to 0 degrees PID
18559,0.35,6,Shoulder 90 to 0 degrees PID
18570,0.35,6,Shoulder 90 to 0 degrees PID
18581,0.26,6,Shoulder 90 to 0 degrees PID
18591,0.26,6,Shoulder 90 to 0 degrees PID
18601,0.26,6,Shoulder 90 to 0 degrees PID
18611,0.35,4,Shoulder 90 to 0 degrees PID
18621,0.35,6,Shoulder 90 to 0 degrees PID
18632,0.26,4,Shoulder 90 to 0 degrees PID
18643,0.26,6,Shoulder 90 to 0 degrees PID
18653,0.35,6,Shoulder 90 to 0 degrees PID
18664,0.35,6,Shoulder 90 to 0 degrees PID
18674,0.35,6,Shoulder 90 to 0 degrees PID
18684,0.26,6,Shoulder 90 to 0 degrees PID
18695,0.35,6,Shoulder 90 to 0 degrees PID
18705,0.35,4,Shoulder 90 to 0 degrees PID
18716,0.35,4,Shoulder 90 to 0 degrees PID
18726,0.35,6,Shoulder 90 to 0 degrees PID
18736,0.35,6,Shoulder 90 to 0 degrees PID
18747,0.35,6,Shoulder 90 to 0 degrees PID
18757,0.35,4,Shoulder 90 to 0 degrees PID
18768,0.26,6,Shoulder 90 to 0 degrees PID
18778,0.35,6,Shoulder 90 to 0 degrees PID
18788,0.35,6,Shoulder 90 to 0 degrees PID
18799,0.35,6,Shoulder 90 to 0 degrees PID
18809,0.35,6,Shoulder 90 to 0 degrees PID
18819,0.35,6,Shoulder 90 to 0 degrees PID
18829,0.35,6,Shoulder 90 to 0 degrees PID
18840,0.26,6,Shoulder 90 to 0 degrees PID
18850,0.35,4,Shoulder 90 to 0 degrees PID
18860,0.35,4,Shoulder 90 to 0 degrees PID
18870,0.35,6,Shoulder 90 to 0 degrees PID
18880,0.35,4,Shoulder 90 to 0 degrees PID
18891,0.35,6,Shoulder 90 to 0 degrees PID
18901,0.35,4,Shoulder 90 to 0 degrees PID
18911,0.35,6,Shoulder 90 to 0 degrees PID
18921,0.35,4,Shoulder 90 to 0 degrees PID
18931,0.35,6,Shoulder 90 to 0 degrees PID
18942,0.26,6,Shoulder 90 to 0 degrees PID
18952,0.35,6,Shoulder 90 to 0 degrees PID
18962,0.26,4,Shoulder 90 to 0 degrees PID
18973,0.35,6,Shoulder 90 to 0 degrees PID
18983,0.35,4,Shoulder 90 to 0 degrees PID
18993,0.26,4,Shoulder 90 to 0 degrees PID
19003,0.35,4,Shoulder 90 to 0 degrees PID
19014,0.35,4,Shoulder 90 to 0 degrees PID
19025,0.26,6,Shoulder 90 to 0 degrees PID
19035,0.35,4,Shoulder 90 to 0 degrees PID
19045,0.35,6,Shoulder 90 to 0 degrees PID
19056,0.35,6,Shoulder 90 to 0 degrees PID
19066,0.35,6,Shoulder 90 to 0 degrees PID
19076,0.35,6,Shoulder 90 to 0 degrees PID
19087,0.26,6,Shoulder 90 to 0 degrees PID
19097,0.35,4,Shoulder 90 to 0 degrees PID
19107,0.35,6,Shoulder 90 to 0 degrees PID
19117,0.35,6,Shoulder 90 to 0 degrees PID
19127,0.35,6,Shoulder 90 to 0 degrees PID
19137,0.35,4,Shoulder 90 to 0 degrees PID
19148,0.35,4,Shoulder 90 to 0 degrees PID
19158,0.35,6,Shoulder 90 to 0 degrees PID
19168,0.35,6,Shoulder 90 to 0 degrees PID
19178,0.26,4,Shoulder 90 to 0 degrees PID
19189,0.35,6,Shoulder 90 to 0 degrees PID
19199,0.35,6,Shoulder 90 to 0 degrees PID
19209,0.26,6,Shoulder 90 to 0 degrees PID
19219,0.35,6,Shoulder 90 to 0 degrees PID
19230,0.26,4,Shoulder 90 to 0 degrees PID
19240,0.35,6,Shoulder 90 to 0 degrees PID
19250,0.35,4,Shoulder 90 to 0 degrees PID
19260,0.26,4,Shoulder 90 to 0 degrees PID
19271,0.35,4,Shoulder 90 to 0 degrees PID
19281,0.35,4,Shoulder 90 to 0 degrees PID
19291,0.35,6,Shoulder 90 to 0 degrees PID
19302,0.26,6,Shoulder 90 to 0 degrees PID
19312,0.35,6,Shoulder 90 to 0 degrees PID
19323,0.35,6,Shoulder 90 to 0 degrees PID
19333,0.35,4,Shoulder 90 to 0 degrees PID
19344,0.35,6,Shoulder 90 to 0 degrees PID
19354,0.35,6,Shoulder 90 to 0 degrees PID
19365,0.35,6,Shoulder 90 to 0 degrees PID
19376,0.35,6,Shoulder 90 to 0 degrees PID
19386,0.26,4,Shoulder 90 to 0 degrees PID
19397,0.35,6,Shoulder 90 to 0 degrees PID
19407,0.26,4,Shoulder 90 to 0 degrees PID
19417,0.35,4,Shoulder 90 to 0 degrees PID
19428,0.26,4,Shoulder 90 to 0 degrees PID
19438,0.35,4,Shoulder 90 to 0 degrees PID
19448,0.35,6,Shoulder 90 to 0 degrees PID
19459,0.35,6,Shoulder 90 to 0 degrees PID
19469,0.26,6,Shoulder 90 to 0 degrees PID
19479,0.35,6,Shoulder 90 to 0 degrees PID
19489,0.35,6,Shoulder 90 to 0 degrees PID
19500,0.35,6,Shoulder 90 to 0 degrees PID
19510,0.35,4,Shoulder 90 to 0 degrees PID
19520,0.26,6,Shoulder 90 to 0 degrees PID
19530,0.26,4,Shoulder 90 to 0 degrees PID
19541,0.35,4,Shoulder 90 to 0 degrees PID
19551,0.35,6,Shoulder 90 to 0 degrees PID
19561,0.35,6,Shoulder 90 to 0 degrees PID
19571,0.35,4,Shoulder 90 to 0 degrees PID
19582,0.35,4,Shoulder 90 to 0 degrees PID
19592,0.26,6,Shoulder 90 to 0 degrees PID
19602,0.35,6,Shoulder 90 to 0 degrees PID
19612,0.26,4,Shoulder 90 to 0 degrees PID
19622,0.35,6,Shoulder 90 to 0 degrees PID
19633,0.35,6,Shoulder 90 to 0 degrees PID
19643,0.35,6,Shoulder 90 to 0 degrees PID
19653,0.35,6,Shoulder 90 to 0 degrees PID
19663,0.35,6,Shoulder 90 to 0 degrees PID
19674,0.26,4,Shoulder 90 to 0 degrees PID
19684,0.26,4,Shoulder 90 to 0 degrees PID
19694,0.35,4,Shoulder 90 to 0 degrees PID
19705,0.26,6,Shoulder 90 to 0 degrees PID
19715,0.35,4,Shoulder 90 to 0 degrees PID
19726,0.35,6,Shoulder 90 to 0 degrees PID
19736,0.35,4,Shoulder 90 to 0 degrees PID
19746,0.35,6,Shoulder 90 to 0 degrees PID
19756,0.35,6,Shoulder 90 to 0 degrees PID
19767,0.35,6,Shoulder 90 to 0 degrees PID
19777,0.26,6,Shoulder 90 to 0 degrees PID
19787,0.35,6,Shoulder 90 to 0 degrees PID
19797,0.26,4,Shoulder 90 to 0 degrees PID
19808,0.35,4,Shoulder 90 to 0 degrees PID
19818,0.35,6,Shoulder 90 to 0 degrees PID
19828,0.35,4,Shoulder 90 to 0 degrees PID
19838,0.35,6,Shoulder 90 to 0 degrees PID
19849,0.35,6,Shoulder 90 to 0 degrees PID
19859,0.26,4,Shoulder 90 to 0 degrees PID
19870,0.26,6,Shoulder 90 to 0 degrees PID
19880,0.35,6,Shoulder 90 to 0 degrees PID
19890,0.35,6,Shoulder 90 to 0 degrees PID
19900,0.26,6,Shoulder 90 to 0 degrees PID
19911,0.26,4,Shoulder 90 to 0 degrees PID
19921,0.26,6,Shoulder 90 to 0 degrees PID
19931,0.26,4,Shoulder 90 to 0 degrees PID
19942,0.35,6,Shoulder 90 to 0 degrees PID
19952,0.35,6,Shoulder 90 to 0 degrees PID
19963,0.26,4,Shoulder 90 to 0 degrees PID
19973,0.35,6,Shoulder 90 to 0 degrees PID
19983,0.35,6,Shoulder 90 to 0 degrees PID
19993,0.35,6,Shoulder 90 to 0 degrees PID
20004,0.35,6,Shoulder 90 to 0 degrees PID
20014,0.35,6,Shoulder 90 to 0 degrees PID
20025,0.35,6,Shoulder 90 to 0 degrees PID
20035,0.26,6,Shoulder 90 to 0 degrees PID
20045,0.35,4,Shoulder 90 to 0 degrees PID
20056,0.35,4,Shoulder 90 to 0 degrees PID
20066,0.35,6,Shoulder 90 to 0 degrees PID
20076,0.35,6,Shoulder 90 to 0 degrees PID
20087,0.35,6,Shoulder 90 to 0 degrees PID
20097,0.35,4,Shoulder 90 to 0 degrees PID
20107,0.26,4,Shoulder 90 to 0 degrees PID
20118,0.26,6,Shoulder 90 to 0 degrees PID
20128,0.35,6,Shoulder 90 to 0 degrees PID
20138,0.26,6,Shoulder 90 to 0 degrees PID
20148,0.35,4,Shoulder 90 to 0 degrees PID
20158,0.35,6,Shoulder 90 to 0 degrees PID
20168,0.35,4,Shoulder 90 to 0 degrees PID
20179,0.35,6,Shoulder 90 to 0 degrees PID
20189,0.35,6,Shoulder 90 to 0 degrees PID
20199,0.35,6,Shoulder 90 to 0 degrees PID
20209,0.35,6,Shoulder 90 to 0 degrees PID
20220,0.35,6,Shoulder 90 to 0 degrees PID
20230,0.35,6,Shoulder 90 to 0 degrees PID
20240,0.26,6,Shoulder 90 to 0 degrees PID
20251,0.35,4,Shoulder 90 to 0 degrees PID
20261,0.26,6,Shoulder 90 to 0 degrees PID
20272,0.35,6,Shoulder 90 to 0 degrees PID
20282,0.35,6,Shoulder 90 to 0 degrees PID
20292,0.35,4,Shoulder 90 to 0 degrees PID
20303,0.35,6,Shoulder 90 to 0 degrees PID
20313,0.26,4,Shoulder 90 to 0 degrees PID
20323,0.35,6,Shoulder 90 to 0 degrees PID
20334,0.35,6,Shoulder 90 to 0 degrees PID
20344,0.35,6,Shoulder 90 to 0 degrees PID
20355,0.26,4,Shoulder 90 to 0 degrees PID
20365,0.26,4,Shoulder 90 to 0 degrees PID
20375,0.26,4,Shoulder 90 to 0 degrees PID
20386,0.26,4,Shoulder 90 to 0 degrees PID
20396,0.35,4,Shoulder 90 to 0 degrees PID
20407,0.35,6,Shoulder 90 to 0 degrees PID
20417,0.26,6,Shoulder 90 to 0 degrees PID
20428,0.35,4,Shoulder 90 to 0 degrees PID
20438,0.35,4,Shoulder 90 to 0 degrees PID
20449,0.35,6,Shoulder 90 to 0 degrees PID
20459,0.35,6,Shoulder 90 to 0 degrees PID
20469,0.26,6,Shoulder 90 to 0 degrees PID
20479,0.35,4,Shoulder 90 to 0 degrees PID
20490,0.35,6,Shoulder 90 to 0 degrees PID
20500,0.35,4,Shoulder 90 to 0 degrees PID
20510,0.26,6,Shoulder 90 to 0 degrees PID
20520,0.35,4,Shoulder 90 to 0 degrees PID
20530,0.35,4,Shoulder 90 to 0 degrees PID
20540,0.35,6,Shoulder 90 to 0 degrees PID
20550,0.35,6,Shoulder 90 to 0 degrees PID
20561,0.26,4,Shoulder 90 to 0 degrees PID
20571,0.35,6,Shoulder 90 to 0 degrees PID
20582,0.35,6,Shoulder 90 to 0 degrees PID
20592,0.35,4,Shoulder 90 to 0 degrees PID
20602,0.35,6,Shoulder 90 to 0 degrees PID
20612,0.35,6,Shoulder 90 to 0 degrees PID
20623,0.26,4,Shoulder 90 to 0 degrees PID
20633,0.26,4,Shoulder 90 to 0 degrees PID
20643,0.35,6,Shoulder 90 to 0 degrees PID
20653,0.35,6,Shoulder 90 to 0 degrees PID
20663,0.35,6,Shoulder 90 to 0 degrees PID
20674,0.35,6,Shoulder 90 to 0 degrees PID
20684,0.35,6,Shoulder 90 to 0 degrees PID
20695,0.35,6,Shoulder 90 to 0 degrees PID
20705,0.35,6,Shoulder 90 to 0 degrees PID
20716,0.35,6,Shoulder 90 to 0 degrees PID
20726,0.35,6,Shoulder 90 to 0 degrees PID
20737,0.35,6,Shoulder 90 to 0 degrees PID
20747,0.35,6,Shoulder 90 to 0 degrees PID
20757,0.26,6,Shoulder 90 to 0 degrees PID
20768,0.35,4,Shoulder 90 to 0 degrees PID
20778,0.26,6,Shoulder 90 to 0 degrees PID
20788,0.26,6,Shoulder 90 to 0 degrees PID
20799,0.35,6,Shoulder 90 to 0 degrees PID
20809,0.35,6,Shoulder 90 to 0 degrees PID
20819,0.26,4,Shoulder 90 to 0 degrees PID
20829,0.35,4,Shoulder 90 to 0 degrees PID
20840,0.35,6,Shoulder 90 to 0 degrees PID
20850,0.35,6,Shoulder 90 to 0 degrees PID
20860,0.35,6,Shoulder 90 to 0 degrees PID
20870,0.26,4,Shoulder 90 to 0 degrees PID
20880,0.35,6,Shoulder 90 to 0 degrees PID
20891,0.35,4,Shoulder 90 to 0 degrees PID
20901,0.35,6,Shoulder 90 to 0 degrees PID
20911,0.35,6,Shoulder 90 to 0 degrees PID
20921,0.35,6,Shoulder 90 to 0 degrees PID
20932,0.26,6,Shoulder 90 to 0 degrees PID
20942,0.35,4,Shoulder 90 to 0 degrees PID
20952,0.35,6,Shoulder 90 to 0 degrees PID
20962,0.35,6,Shoulder 90 to 0 degrees PID
20973,0.35,6,Shoulder 90 to 0 degrees PID
20984,0.35,6,Shoulder 90 to 0 degrees PID
20994,0.26,4,Shoulder 90 to 0 degrees PID
21005,0.35,6,Shoulder 90 to 0 degrees PID
21015,0.35,0,No Movement
21026,0.35,0,No Movement
21036,0.35,0,No Movement
21046,0.26,0,No Movement
21056,0.35,0,No Movement
21067,0.26,0,No Movement
21078,0.35,0,No Movement
21088,0.26,0,No Movement
21099,0.26,0,No Movement
21109,0.35,0,No Movement
21120,0.35,0,No Movement
21130,0.26,0,No Movement
21140,0.26,0,No Movement
21150,0.35,0,No Movement
21160,0.35,0,No Movement
21171,0.26,0,No Movement
21181,0.26,0,No Movement
21192,0.35,0,No Movement
21203,0.26,0,No Movement
21213,0.35,0,No Movement
21223,0.35,0,No Movement
21234,0.26,0,No Movement
21244,0.26,0,No Movement
21254,0.35,0,No Movement
21264,0.35,0,No Movement
21275,0.35,0,No Movement
21285,0.35,0,No Movement
21295,0.35,0,No Movement
21305,0.35,0,No Movement
21315,0.35,0,No Movement
21326,0.35,0,No Movement
21336,0.35,0,No Movement
21347,0.35,0,No Movement
21357,0.26,0,No Movement
21368,0.26,0,No Movement
21378,0.35,0,No Movement
21389,0.35,0,No Movement
21399,0.26,0,No Movement
21409,0.26,0,No Movement
21420,0.35,0,No Movement
21430,0.26,0,No Movement
21441,0.26,0,No Movement
21451,0.26,0,No Movement
21461,0.35,0,No Movement
21471,0.35,0,No Movement
21482,0.35,0,No Movement
21493,0.35,0,No Movement
21503,0.26,0,No Movement
21514,0.35,0,No Movement
21524,0.35,0,No Movement
21534,0.35,0,No Movement
21545,0.35,0,No Movement
21555,0.35,0,No Movement
21566,0.26,0,No Movement
21576,0.26,0,No Movement
21587,0.35,0,No Movement
21597,0.26,0,No Movement
21608,0.35,0,No Movement
21618,0.26,0,No Movement
21629,0.35,0,No Movement
21639,0.35,0,No Movement
21650,0.35,0,No Movement
21660,0.35,0,No Movement
21671,0.35,0,No Movement
21681,0.35,0,No Movement
21692,0.35,0,No Movement
21702,0.35,0,No Movement
21713,0.35,0,No Movement
21724,0.35,0,No Movement
21734,0.26,0,No Movement
21745,0.35,0,No Movement
21755,0.26,0,No Movement
21766,0.35,0,No Movement
21776,0.26,0,No Movement
21787,0.35,0,No Movement
21797,0.35,0,No Movement
21808,0.35,0,No Movement
21818,0.26,0,No Movement
21829,0.26,0,No Movement
21839,0.35,0,No Movement
21849,0.35,0,No Movement
21860,0.35,0,No Movement
21870,0.26,0,No Movement
21880,0.35,0,No Movement
21890,0.35,0,No Movement
21900,0.35,0,No Movement
21911,0.35,0,No Movement
21921,0.35,0,No Movement
21931,0.35,0,No Movement
21941,0.35,0,No Movement
21952,0.35,0,No Movement
21962,0.35,0,No Movement
21972,0.26,0,No Movement
21982,0.35,0,No Movement
21992,0.26,0,No Movement
22003,0.26,0,No Movement
22013,0.35,0,No Movement
